step,laneID,WaitingTime,CO2
30,2_2,0.0,0.0
30,-4_0,0.0,4361.1080778926125
30,5_2,0.0,0.0
30,7_2,0.0,0.0
30,4_0,0.0,0.0
30,-1_0,0.0,4692.833635675435
30,3_0,0.0,10646.97669153278
30,-5_1,0.0,0.0
30,-9_2,0.0,0.0
30,1_2,0.0,0.0
30,-7_2,4.0,2624.699168122488
30,-8_1,0.0,0.0
30,-2_1,0.0,0.0
30,6_1,0.0,0.0
30,8_2,0.0,0.0
30,0_0,5.0,18932.18885390908
30,4_1,0.0,0.0
30,6_0,0.0,0.0
30,9_1,0.0,0.0
30,-3_0,1.0,5239.068693873543
30,-0_0,0.0,0.0
30,2_1,0.0,0.0
30,-6_0,8.0,7603.3313168011955
30,1_1,0.0,0.0
30,-5_0,5.0,2624.722222222222
30,7_1,0.0,0.0
30,2_0,0.0,0.0
30,5_0,0.0,0.0
30,-6_1,0.0,0.0
30,-8_0,0.0,0.0
30,-0_2,0.0,0.0
30,3_1,1.0,2615.098058311469
30,-5_2,7.0,2624.722222222222
30,-4_1,0.0,0.0
30,-9_1,0.0,0.0
30,9_0,0.0,0.0
30,-0_1,0.0,0.0
30,3_2,4.0,2624.63293525252
30,8_0,0.0,0.0
30,-8_2,14.0,9558.906127824175
30,7_0,0.0,0.0
30,-1_1,0.0,0.0
30,0_2,0.0,0.0
30,6_2,0.0,0.0
30,8_1,0.0,0.0
30,-1_2,0.0,12248.67537229921
30,-2_2,0.0,0.0
30,-7_1,0.0,0.0
30,-7_0,0.0,0.0
30,-9_0,3.0,2624.4128238683106
30,0_1,4.0,2624.6356360769887
30,9_2,0.0,0.0
30,-3_1,0.0,0.0
30,5_1,0.0,0.0
30,1_0,0.0,0.0
30,-6_2,0.0,0.0
30,4_2,0.0,0.0
30,-3_2,0.0,0.0
30,-4_2,2.0,2624.612436713166
30,-2_0,0.0,2541.5392050988153
60,2_2,0.0,0.0
60,-4_0,22.0,9409.566161518718
60,5_2,0.0,0.0
60,7_2,0.0,0.0
60,4_0,0.0,0.0
60,-1_0,27.0,2624.722222222222
60,3_0,0.0,7082.736194566871
60,-5_1,0.0,0.0
60,-9_2,0.0,0.0
60,1_2,0.0,0.0
60,-7_2,34.0,2624.722222222222
60,-8_1,0.0,0.0
60,-2_1,3.0,2624.722222222222
60,6_1,3.0,5596.152516574788
60,8_2,0.0,0.0
60,0_0,58.0,5249.444444444444
60,4_1,0.0,0.0
60,6_0,14.0,5249.411534937737
60,9_1,0.0,0.0
60,-3_0,0.0,5167.904053838701
60,-0_0,0.0,0.0
60,2_1,0.0,0.0
60,-6_0,44.0,13587.302516597318
60,1_1,0.0,0.0
60,-5_0,35.0,2624.722222222222
60,7_1,0.0,0.0
60,2_0,0.0,0.0
60,5_0,0.0,0.0
60,-6_1,18.0,7871.684372060552
60,-8_0,0.0,0.0
60,-0_2,0.0,0.0
60,3_1,0.0,0.0
60,-5_2,51.0,7874.151164058885
60,-4_1,19.0,6991.7844009154105
60,-9_1,0.0,0.0
60,9_0,0.0,0.0
60,-0_1,0.0,0.0
60,3_2,34.0,22675.315351541176
60,8_0,0.0,0.0
60,-8_2,0.0,3787.207947710514
60,7_0,0.0,0.0
60,-1_1,0.0,0.0
60,0_2,0.0,3097.650371338737
60,6_2,11.0,5243.448714003661
60,8_1,0.0,0.0
60,-1_2,57.0,15715.54185231351
60,-2_2,24.0,2624.722222222222
60,-7_1,0.0,0.0
60,-7_0,0.0,2552.365004415424
60,-9_0,33.0,2624.722222222222
60,0_1,67.0,12036.070294385547
60,9_2,0.0,0.0
60,-3_1,0.0,0.0
60,5_1,0.0,0.0
60,1_0,0.0,0.0
60,-6_2,6.0,4951.313138073872
60,4_2,0.0,0.0
60,-3_2,0.0,0.0
60,-4_2,35.0,5249.253076185723
60,-2_0,30.0,2624.722222222222
90,2_2,0.0,0.0
90,-4_0,76.0,5249.444444444444
90,5_2,0.0,0.0
90,7_2,0.0,0.0
90,4_0,0.0,0.0
90,-1_0,57.0,6224.333962415843
90,3_0,42.0,20861.146852948666
90,-5_1,7.0,6183.597830106053
90,-9_2,0.0,0.0
90,1_2,0.0,0.0
90,-7_2,93.0,5249.444444444444
90,-8_1,0.0,4939.465372038321
90,-2_1,33.0,2624.722222222222
90,6_1,0.0,0.0
90,8_2,0.0,0.0
90,0_0,0.0,2624.722222222222
90,4_1,0.0,0.0
90,6_0,0.0,0.0
90,9_1,0.0,0.0
90,-3_0,13.0,7505.003473974408
90,-0_0,0.0,0.0
90,2_1,0.0,0.0
90,-6_0,0.0,11237.931688928544
90,1_1,0.0,0.0
90,-5_0,65.0,16030.912658815932
90,7_1,0.0,0.0
90,2_0,0.0,0.0
90,5_0,0.0,0.0
90,-6_1,0.0,0.0
90,-8_0,0.0,0.0
90,-0_2,0.0,0.0
90,3_1,27.0,5249.444444444444
90,-5_2,173.0,18338.443719843886
90,-4_1,49.0,2624.722222222222
90,-9_1,22.0,2624.722222222222
90,9_0,0.0,0.0
90,-0_1,0.0,0.0
90,3_2,112.0,13123.593384177197
90,8_0,0.0,0.0
90,-8_2,36.0,7706.078925641366
90,7_0,0.0,0.0
90,-1_1,0.0,0.0
90,0_2,36.0,5249.444444444444
90,6_2,71.0,5249.444444444444
90,8_1,0.0,0.0
90,-1_2,222.0,18373.055555555555
90,-2_2,54.0,2624.722222222222
90,-7_1,0.0,0.0
90,-7_0,30.0,2624.722222222222
90,-9_0,63.0,7983.7736111171525
90,0_1,0.0,8112.81483289642
90,9_2,0.0,0.0
90,-3_1,14.0,5249.444444444444
90,5_1,0.0,0.0
90,1_0,0.0,0.0
90,-6_2,78.0,7874.166666666666
90,4_2,0.0,0.0
90,-3_2,43.0,7874.127174060584
90,-4_2,172.0,15748.333333333334
90,-2_0,60.0,2624.722222222222
120,2_2,0.0,0.0
120,-4_0,136.0,5249.444444444444
120,5_2,0.0,0.0
120,7_2,0.0,8997.509403474287
120,4_0,0.0,0.0
120,-1_0,87.0,5249.444444444444
120,3_0,0.0,5038.2696756230325
120,-5_1,49.0,5249.444444444444
120,-9_2,0.0,0.0
120,1_2,0.0,0.0
120,-7_2,153.0,5249.444444444444
120,-8_1,6.0,6983.767349913238
120,-2_1,63.0,2624.722222222222
120,6_1,0.0,0.0
120,8_2,0.0,0.0
120,0_0,43.0,7874.166666666666
120,4_1,0.0,0.0
120,6_0,11.0,2624.722222222222
120,9_1,0.0,0.0
120,-3_0,0.0,9750.47637525647
120,-0_0,0.0,0.0
120,2_1,0.0,0.0
120,-6_0,14.0,2624.722222222222
120,1_1,0.0,0.0
120,-5_0,112.0,5249.444444444444
120,7_1,0.0,0.0
120,2_0,0.0,0.0
120,5_0,0.0,0.0
120,-6_1,17.0,5249.380166536614
120,-8_0,10.0,7712.403367873232
120,-0_2,0.0,0.0
120,3_1,0.0,0.0
120,-5_2,356.0,20996.457999629198
120,-4_1,79.0,2624.722222222222
120,-9_1,76.0,10498.20509050276
120,9_0,0.0,0.0
120,-0_1,0.0,0.0
120,3_2,262.0,17578.73748499718
120,8_0,0.0,0.0
120,-8_2,166.0,13123.611111111111
120,7_0,0.0,0.0
120,-1_1,10.0,2624.722222222222
120,0_2,96.0,5249.444444444444
120,6_2,0.0,6631.702489102384
120,8_1,0.0,0.0
120,-1_2,445.0,23612.56524518636
120,-2_2,92.0,5249.444444444444
120,-7_1,0.0,0.0
120,-7_0,60.0,2624.722222222222
120,-9_0,129.0,18211.366944233338
120,0_1,40.0,5249.444444444444
120,9_2,0.0,0.0
120,-3_1,0.0,0.0
120,5_1,0.0,0.0
120,1_0,0.0,0.0
120,-6_2,169.0,10493.028598796403
120,4_2,0.0,0.0
120,-3_2,133.0,7874.166666666666
120,-4_2,363.0,20997.00478237562
120,-2_0,90.0,2624.722222222222
150,2_2,0.0,0.0
150,-4_0,196.0,5249.444444444444
150,5_2,0.0,0.0
150,7_2,0.0,0.0
150,4_0,0.0,0.0
150,-1_0,117.0,2624.722222222222
150,3_0,0.0,7795.031374052256
150,-5_1,109.0,5249.444444444444
150,-9_2,0.0,2591.758221825358
150,1_2,0.0,0.0
150,-7_2,213.0,5249.444444444444
150,-8_1,0.0,0.0
150,-2_1,93.0,2624.722222222222
150,6_1,30.0,2624.722222222222
150,8_2,0.0,0.0
150,0_0,133.0,7874.166666666666
150,4_1,0.0,0.0
150,6_0,47.0,7874.166666666666
150,9_1,0.0,0.0
150,-3_0,0.0,0.0
150,-0_0,0.0,1839.7683240218698
150,2_1,0.0,0.0
150,-6_0,54.0,10923.630379910648
150,1_1,0.0,0.0
150,-5_0,173.0,7864.284842146915
150,7_1,0.0,0.0
150,2_0,0.0,0.0
150,5_0,0.0,0.0
150,-6_1,77.0,5249.444444444444
150,-8_0,0.0,6166.181754292358
150,-0_2,0.0,0.0
150,3_1,0.0,0.0
150,-5_2,596.0,20997.777777777777
150,-4_1,109.0,2624.722222222222
150,-9_1,223.0,13123.611111111111
150,9_0,0.0,0.0
150,-0_1,0.0,0.0
150,3_2,0.0,0.0
150,8_0,0.0,0.0
150,-8_2,353.0,28855.84306268453
150,7_0,0.0,0.0
150,-1_1,40.0,2624.722222222222
150,0_2,156.0,5249.444444444444
150,6_2,41.0,5249.444444444444
150,8_1,0.0,0.0
150,-1_2,750.0,38960.168621042125
150,-2_2,152.0,5249.444444444444
150,-7_1,0.0,0.0
150,-7_0,90.0,2624.722222222222
150,-9_0,239.0,15821.717612373079
150,0_1,101.0,7872.89932932909
150,9_2,0.0,0.0
150,-3_1,0.0,0.0
150,5_1,0.0,0.0
150,1_0,0.0,0.0
150,-6_2,295.0,13123.611111111111
150,4_2,0.0,3868.9957734549594
150,-3_2,224.0,10490.344396062319
150,-4_2,615.0,28870.631734769624
150,-2_0,126.0,5249.425406821607
180,2_2,0.0,0.0
180,-4_0,256.0,5249.444444444444
180,5_2,0.0,0.0
180,7_2,0.0,0.0
180,4_0,0.0,0.0
180,-1_0,147.0,6189.908598547546
180,3_0,5.0,7354.701309923481
180,-5_1,169.0,5249.444444444444
180,-9_2,41.0,5249.444444444444
180,1_2,0.0,0.0
180,-7_2,301.0,12860.7662941207
180,-8_1,0.0,3584.3677805457146
180,-2_1,123.0,2624.722222222222
180,6_1,75.0,10490.738086029749
180,8_2,0.0,0.0
180,0_0,248.0,13150.528836474054
180,4_1,0.0,0.0
180,6_0,120.0,7874.166666666666
180,9_1,0.0,0.0
180,-3_0,9.0,12643.843610911275
180,-0_0,0.0,0.0
180,2_1,0.0,0.0
180,-6_0,179.0,18821.976982782235
180,1_1,0.0,0.0
180,-5_0,263.0,7874.166666666666
180,7_1,0.0,0.0
180,2_0,0.0,0.0
180,5_0,0.0,0.0
180,-6_1,195.0,31552.672190890476
180,-8_0,16.0,2624.722222222222
180,-0_2,0.0,0.0
180,3_1,25.0,21610.07161394773
180,-5_2,836.0,34124.99055796488
180,-4_1,139.0,2624.722222222222
180,-9_1,373.0,13123.611111111111
180,9_0,0.0,0.0
180,-0_1,0.0,0.0
180,3_2,0.0,20982.169128409216
180,8_0,0.0,0.0
180,-8_2,0.0,4395.836421200391
180,7_0,0.0,0.0
180,-1_1,70.0,2624.722222222222
180,0_2,216.0,5249.444444444444
180,6_2,115.0,36013.03281180647
180,8_1,0.0,0.0
180,-1_2,0.0,0.0
180,-2_2,212.0,5249.444444444444
180,-7_1,0.0,0.0
180,-7_0,120.0,4941.4812498804085
180,-9_0,378.0,23639.23906054712
180,0_1,191.0,7874.166666666666
180,9_2,0.0,0.0
180,-3_1,0.0,4966.199877055397
180,5_1,0.0,0.0
180,1_0,0.0,0.0
180,-6_2,449.0,23095.792460347417
180,4_2,0.0,0.0
180,-3_2,351.0,13123.611111111111
180,-4_2,0.0,2612.6397600014693
180,-2_0,186.0,5249.444444444444
210,2_2,0.0,3934.9616818590193
210,-4_0,316.0,8786.616340197483
210,5_2,0.0,0.0
210,7_2,0.0,10828.278044501765
210,4_0,0.0,0.0
210,-1_0,177.0,2624.722222222222
210,3_0,114.0,18884.47818186722
210,-5_1,229.0,5249.444444444444
210,-9_2,105.0,7874.142745948209
210,1_2,0.0,0.0
210,-7_2,436.0,13123.611111111111
210,-8_1,1.0,2621.194598548093
210,-2_1,153.0,2624.722222222222
210,6_1,218.0,13123.611111111111
210,8_2,0.0,0.0
210,0_0,391.0,13123.611111111111
210,4_1,0.0,0.0
210,6_0,250.0,13123.611111111111
210,9_1,0.0,0.0
210,-3_0,86.0,24763.76951583098
210,-0_0,0.0,0.0
210,2_1,0.0,0.0
210,-6_0,0.0,0.0
210,1_1,0.0,0.0
210,-5_0,353.0,7874.166666666666
210,7_1,0.0,0.0
210,2_0,0.0,0.0
210,5_0,0.0,0.0
210,-6_1,0.0,6212.2018756661355
210,-8_0,46.0,5249.444444444444
210,-0_2,0.0,0.0
210,3_1,182.0,15748.333333333334
210,-5_2,1158.0,34121.374894868895
210,-4_1,169.0,2624.722222222222
210,-9_1,553.0,18373.055555555555
210,9_0,0.0,0.0
210,-0_1,0.0,0.0
210,3_2,83.0,13254.825877190628
210,8_0,0.0,0.0
210,-8_2,70.0,14570.92752248351
210,7_0,0.0,0.0
210,-1_1,100.0,2624.722222222222
210,0_2,303.0,7874.166666666666
210,6_2,0.0,1305.0313765631106
210,8_1,0.0,0.0
210,-1_2,78.0,15259.31218745799
210,-2_2,272.0,5249.444444444444
210,-7_1,25.0,2624.722222222222
210,-7_0,169.0,5249.444444444444
210,-9_0,579.0,27522.57511754066
210,0_1,337.0,18373.055555555555
210,9_2,0.0,0.0
210,-3_1,23.0,12401.872408073345
210,5_1,0.0,0.0
210,1_0,0.0,0.0
210,-6_2,659.0,20997.759002970946
210,4_2,0.0,0.0
210,-3_2,0.0,13522.14473616086
210,-4_2,30.0,5249.427751904577
210,-2_0,246.0,8836.69004207355
240,2_2,0.0,0.0
240,-4_0,376.0,9395.934402575553
240,5_2,0.0,0.0
240,7_2,0.0,0.0
240,4_0,0.0,0.0
240,-1_0,207.0,6794.244000461702
240,3_0,298.0,18373.055555555555
240,-5_1,289.0,5249.444444444444
240,-9_2,195.0,7874.166666666666
240,1_2,0.0,0.0
240,-7_2,586.0,13123.611111111111
240,-8_1,38.0,5249.444444444444
240,-2_1,183.0,2624.722222222222
240,6_1,368.0,13123.611111111111
240,8_2,0.0,0.0
240,0_0,571.0,29210.34265334583
240,4_1,0.0,0.0
240,6_0,400.0,23584.108546903328
240,9_1,0.0,0.0
240,-3_0,0.0,2158.5356535192345
240,-0_0,0.0,0.0
240,2_1,0.0,0.0
240,-6_0,45.0,22083.883163177863
240,1_1,0.0,0.0
240,-5_0,443.0,13788.848283492729
240,7_1,0.0,0.0
240,2_0,0.0,0.0
240,5_0,0.0,0.0
240,-6_1,21.0,13090.317798359547
240,-8_0,86.0,5249.444444444444
240,-0_2,0.0,0.0
240,3_1,381.0,22023.43064538868
240,-5_2,0.0,17781.69671912613
240,-4_1,199.0,2624.722222222222
240,-9_1,0.0,2508.3057153039003
240,9_0,0.0,0.0
240,-0_1,0.0,12971.115516182876
240,3_2,229.0,13123.611111111111
240,8_0,0.0,0.0
240,-8_2,334.0,28871.944444444445
240,7_0,0.0,0.0
240,-1_1,130.0,2624.722222222222
240,0_2,393.0,7874.166666666666
240,6_2,25.0,2624.722222222222
240,8_1,0.0,0.0
240,-1_2,228.0,20997.668203105237
240,-2_2,368.0,13121.534461605475
240,-7_1,55.0,2624.722222222222
240,-7_0,229.0,5249.444444444444
240,-9_0,0.0,8174.197934556926
240,0_1,542.0,27388.631836396304
240,9_2,0.0,0.0
240,-3_1,0.0,11982.827698046942
240,5_1,0.0,0.0
240,1_0,0.0,0.0
240,-6_2,916.0,28871.875301343356
240,4_2,0.0,0.0
240,-3_2,90.0,35741.81711714815
240,-4_2,104.0,7874.166666666666
240,-2_0,306.0,5249.444444444444
270,2_2,0.0,11831.4058555141
270,-4_0,436.0,5249.444444444444
270,5_2,0.0,11081.65817881476
270,7_2,0.0,0.0
270,4_0,0.0,0.0
270,-1_0,255.0,5249.444444444444
270,3_0,508.0,21608.894550343222
270,-5_1,375.0,7874.166666666666
270,-9_2,285.0,7874.166666666666
270,1_2,0.0,0.0
270,-7_2,736.0,15652.715188308102
270,-8_1,98.0,5249.444444444444
270,-2_1,220.0,5249.444444444444
270,6_1,0.0,0.0
270,8_2,0.0,0.0
270,0_0,856.0,28871.944444444445
270,4_1,0.0,0.0
270,6_0,0.0,0.0
270,9_1,0.0,3325.042672098044
270,-3_0,28.0,11309.216917348487
270,-0_0,0.0,0.0
270,2_1,0.0,0.0
270,-6_0,264.0,24169.354240000437
270,1_1,0.0,0.0
270,-5_0,549.0,17679.750262222868
270,7_1,0.0,0.0
270,2_0,0.0,0.0
270,5_0,0.0,0.0
270,-6_1,142.0,15719.931404743998
270,-8_0,156.0,7874.166666666666
270,-0_2,0.0,0.0
270,3_1,591.0,18373.055555555555
270,-5_2,92.0,21482.481356575943
270,-4_1,241.0,5249.444444444444
270,-9_1,29.0,5235.5357768108925
270,9_0,0.0,0.0
270,-0_1,0.0,0.0
270,3_2,405.0,18373.055555555555
270,8_0,0.0,0.0
270,-8_2,673.0,31496.666666666668
270,7_0,0.0,0.0
270,-1_1,160.0,2624.722222222222
270,0_2,497.0,10498.888888888889
270,6_2,69.0,5249.444444444444
270,8_1,0.0,0.0
270,-1_2,495.0,39286.2838258068
270,-2_2,518.0,13123.611111111111
270,-7_1,85.0,2624.722222222222
270,-7_0,289.0,5249.444444444444
270,-9_0,17.0,7034.724719495662
270,0_1,816.0,26247.222222222223
270,9_2,0.0,0.0
270,-3_1,13.0,2624.722222222222
270,5_1,0.0,0.0
270,1_0,0.0,0.0
270,-6_2,0.0,0.0
270,4_2,0.0,0.0
270,-3_2,0.0,0.0
270,-4_2,194.0,7874.166666666666
270,-2_0,375.0,7874.166666666666
300,2_2,0.0,0.0
300,-4_0,518.0,11615.668013965265
300,5_2,0.0,0.0
300,7_2,0.0,0.0
300,4_0,0.0,0.0
300,-1_0,315.0,5249.444444444444
300,3_0,0.0,0.0
300,-5_1,479.0,10498.888888888889
300,-9_2,375.0,7874.166666666666
300,1_2,0.0,0.0
300,-7_2,915.0,15748.333333333334
300,-8_1,188.0,10495.335742077306
300,-2_1,287.0,7874.166666666666
300,6_1,16.0,7873.9683879076965
300,8_2,0.0,0.0
300,0_0,1186.0,28871.944444444445
300,4_1,0.0,0.0
300,6_0,37.0,19975.096415250664
300,9_1,0.0,0.0
300,-3_0,88.0,5249.444444444444
300,-0_0,0.0,0.0
300,2_1,0.0,0.0
300,-6_0,507.0,27929.66860590842
300,1_1,0.0,0.0
300,-5_0,669.0,13892.052425179912
300,7_1,0.0,0.0
300,2_0,0.0,0.0
300,5_0,0.0,0.0
300,-6_1,382.0,37980.603558224
300,-8_0,268.0,10498.888888888889
300,-0_2,0.0,0.0
300,3_1,0.0,16494.64950914206
300,-5_2,297.0,30983.015506340344
300,-4_1,302.0,7868.630552250013
300,-9_1,89.0,5249.444444444444
300,9_0,0.0,0.0
300,-0_1,0.0,0.0
300,3_2,113.0,16750.19103760851
300,8_0,0.0,0.0
300,-8_2,0.0,0.0
300,7_0,0.0,0.0
300,-1_1,190.0,2624.722222222222
300,0_2,617.0,10498.888888888889
300,6_2,146.0,17913.381903230067
300,8_1,0.0,0.0
300,-1_2,0.0,0.0
300,-2_2,668.0,13123.611111111111
300,-7_1,121.0,5249.444444444444
300,-7_0,349.0,9295.41629491488
300,-9_0,67.0,11086.892379657571
300,0_1,1129.0,28871.944444444445
300,9_2,0.0,0.0
300,-3_1,43.0,2624.722222222222
300,5_1,0.0,0.0
300,1_0,0.0,0.0
300,-6_2,15.0,13572.359748132558
300,4_2,0.0,0.0
300,-3_2,0.0,0.0
300,-4_2,289.0,18186.504682229828
300,-2_0,465.0,15163.374019507255
330,2_2,0.0,0.0
330,-4_0,623.0,10498.888888888889
330,5_2,0.0,0.0
330,7_2,0.0,19598.051882983516
330,4_0,0.0,0.0
330,-1_0,375.0,10686.855618689751
330,3_0,23.0,36482.67822228822
330,-5_1,26.0,5538.223050741456
330,-9_2,493.0,10498.888888888889
330,1_2,0.0,0.0
330,-7_2,195.0,11372.573642869367
330,-8_1,308.0,10498.888888888889
330,-2_1,399.0,10498.888888888889
330,6_1,43.0,7872.959830557227
330,8_2,0.0,0.0
330,0_0,0.0,9788.29653651188
330,4_1,0.0,0.0
330,6_0,182.0,24702.018294771697
330,9_1,0.0,0.0
330,-3_0,166.0,24523.426421110544
330,-0_0,0.0,0.0
330,2_1,0.0,0.0
330,-6_0,0.0,9181.810649165434
330,1_1,0.0,0.0
330,-5_0,731.0,13694.508544831995
330,7_1,0.0,0.0
330,2_0,0.0,0.0
330,5_0,0.0,0.0
330,-6_1,0.0,5866.016560023382
330,-8_0,388.0,10498.888888888889
330,-0_2,0.0,0.0
330,3_1,86.0,28482.83608770838
330,-5_2,591.0,28871.944444444445
330,-4_1,397.0,13928.15129651126
330,-9_1,164.0,10498.888888888889
330,9_0,0.0,3287.067662091825
330,-0_1,0.0,0.0
330,3_2,389.0,44577.735907081216
330,8_0,0.0,0.0
330,-8_2,17.0,7874.067963125763
330,7_0,0.0,0.0
330,-1_1,220.0,2624.722222222222
330,0_2,737.0,10498.888888888889
330,6_2,0.0,8881.260537828097
330,8_1,0.0,0.0
330,-1_2,0.0,4749.942429523938
330,-2_2,818.0,13123.611111111111
330,-7_1,181.0,5249.444444444444
330,-7_0,429.0,7874.166666666666
330,-9_0,152.0,19899.05645449308
330,0_1,0.0,0.0
330,9_2,0.0,0.0
330,-3_1,90.0,14898.643813628962
330,5_1,0.0,0.0
330,1_0,0.0,0.0
330,-6_2,103.0,7874.166666666666
330,4_2,0.0,0.0
330,-3_2,19.0,14586.488601794013
330,-4_2,497.0,22488.391994669306
330,-2_0,595.0,16933.49012400341
360,2_2,0.0,0.0
360,-4_0,58.0,10498.888888888889
360,5_2,0.0,0.0
360,7_2,0.0,0.0
360,4_0,0.0,0.0
360,-1_0,24.0,8262.695646094928
360,3_0,317.0,31496.65108216136
360,-5_1,116.0,13123.611111111111
360,-9_2,613.0,10498.888888888889
360,1_2,0.0,0.0
360,-7_2,0.0,5633.142710459185
360,-8_1,428.0,10498.888888888889
360,-2_1,60.0,11770.788964441495
360,6_1,186.0,13123.611111111111
360,8_2,0.0,0.0
360,0_0,14.0,7543.327453099635
360,4_1,0.0,0.0
360,6_0,355.0,25798.027383836692
360,9_1,0.0,0.0
360,-3_0,0.0,0.0
360,-0_0,0.0,6003.996669194731
360,2_1,0.0,0.0
360,-6_0,0.0,0.0
360,1_1,0.0,0.0
360,-5_0,862.0,13123.611111111111
360,7_1,0.0,0.0
360,2_0,0.0,0.0
360,5_0,0.0,0.0
360,-6_1,0.0,0.0
360,-8_0,508.0,10498.888888888889
360,-0_2,0.0,0.0
360,3_1,438.0,34121.38888888889
360,-5_2,921.0,28871.944444444445
360,-4_1,35.0,11874.021425078803
360,-9_1,345.0,18373.055555555555
360,9_0,0.0,0.0
360,-0_1,0.0,6980.946091645277
360,3_2,0.0,11076.63267649524
360,8_0,0.0,0.0
360,-8_2,158.0,18372.397285405623
360,7_0,0.0,0.0
360,-1_1,273.0,5249.444444444444
360,0_2,857.0,17683.487824743956
360,6_2,85.0,7874.166666666666
360,8_1,0.0,0.0
360,-1_2,39.0,19060.589935783068
360,-2_2,63.0,10498.888888888889
360,-7_1,241.0,5249.444444444444
360,-7_0,519.0,7874.166666666666
360,-9_0,342.0,22904.06547057489
360,0_1,33.0,7874.166666666666
360,9_2,0.0,8652.919397057938
360,-3_1,0.0,0.0
360,5_1,0.0,0.0
360,1_0,0.0,0.0
360,-6_2,193.0,7874.166666666666
360,4_2,0.0,11716.349896205042
360,-3_2,83.0,10484.14027760875
360,-4_2,781.0,43487.87430735429
360,-2_0,98.0,13123.611111111111
390,2_2,0.0,5443.502053080606
390,-4_0,178.0,10498.888888888889
390,5_2,0.0,0.0
390,7_2,0.0,0.0
390,4_0,0.0,0.0
390,-1_0,84.0,5249.444444444444
390,3_0,686.0,34121.38888888889
390,-5_1,276.0,15748.333333333334
390,-9_2,733.0,10498.888888888889
390,1_2,0.0,0.0
390,-7_2,16.0,2624.722222222222
390,-8_1,548.0,10498.888888888889
390,-2_1,109.0,13123.611111111111
390,6_1,350.0,23525.829073730456
390,8_2,0.0,0.0
390,0_0,130.0,13878.92373355343
390,4_1,0.0,0.0
390,6_0,535.0,15748.333333333334
390,9_1,0.0,0.0
390,-3_0,0.0,0.0
390,-0_0,0.0,0.0
390,2_1,0.0,0.0
390,-6_0,10.0,17988.98485729716
390,1_1,0.0,0.0
390,-5_0,2.0,10536.92243299797
390,7_1,0.0,0.0
390,2_0,0.0,0.0
390,5_0,0.0,0.0
390,-6_1,13.0,10476.985907497916
390,-8_0,628.0,10498.888888888889
390,-0_2,0.0,0.0
390,3_1,517.0,31496.666666666668
390,-5_2,1277.0,34120.861887085404
390,-4_1,125.0,7874.166666666666
390,-9_1,0.0,0.0
390,9_0,0.0,0.0
390,-0_1,0.0,0.0
390,3_2,91.0,12485.852793110902
390,8_0,0.0,0.0
390,-8_2,368.0,18373.055555555555
390,7_0,0.0,0.0
390,-1_1,333.0,5249.444444444444
390,0_2,58.0,10498.888888888889
390,6_2,215.0,34824.6523397542
390,8_1,0.0,0.0
390,-1_2,285.0,33908.67720074185
390,-2_2,210.0,13123.611111111111
390,-7_1,47.0,5249.444444444444
390,-7_0,404.0,5249.444444444444
390,-9_0,0.0,8246.754474376969
390,0_1,130.0,10498.888888888889
390,9_2,0.0,0.0
390,-3_1,0.0,0.0
390,5_1,0.0,0.0
390,1_0,0.0,0.0
390,-6_2,302.0,22947.94398465685
390,4_2,0.0,0.0
390,-3_2,0.0,0.0
390,-4_2,0.0,17814.627751476808
390,-2_0,248.0,16777.945660052792
420,2_2,0.0,0.0
420,-4_0,298.0,10498.888888888889
420,5_2,0.0,0.0
420,7_2,0.0,4458.167993417209
420,4_0,0.0,0.0
420,-1_0,144.0,5249.444444444444
420,3_0,1078.0,40748.602185227785
420,-5_1,480.0,18373.055555555555
420,-9_2,881.0,13123.611111111111
420,1_2,0.0,0.0
420,-7_2,46.0,7848.193071317435
420,-8_1,675.0,16917.58108734491
420,-2_1,259.0,13123.611111111111
420,6_1,321.0,18303.834190801506
420,8_2,0.0,0.0
420,0_0,264.0,19792.589773584332
420,4_1,0.0,0.0
420,6_0,760.0,23611.34779082871
420,9_1,0.0,0.0
420,-3_0,5.0,11461.158639051557
420,-0_0,0.0,0.0
420,2_1,0.0,0.0
420,-6_0,191.0,27373.10823841796
420,1_1,0.0,0.0
420,-5_0,171.0,18373.055555555555
420,7_1,0.0,0.0
420,2_0,0.0,5257.751380193465
420,5_0,0.0,0.0
420,-6_1,217.0,18373.055555555555
420,-8_0,768.0,15748.333333333334
420,-0_2,0.0,0.0
420,3_1,905.0,44321.59543562587
420,-5_2,0.0,0.0
420,-4_1,215.0,7874.166666666666
420,-9_1,24.0,5249.444444444444
420,9_0,0.0,0.0
420,-0_1,0.0,0.0
420,3_2,276.0,31009.291759010994
420,8_0,0.0,0.0
420,-8_2,589.0,32725.405536014205
420,7_0,0.0,0.0
420,-1_1,6.0,5244.030484787212
420,0_2,206.0,13123.611111111111
420,6_2,0.0,10601.344559937843
420,8_1,0.0,0.0
420,-1_2,0.0,1732.2134829012232
420,-2_2,377.0,15748.333333333334
420,-7_1,107.0,5249.444444444444
420,-7_0,488.0,7874.166666666666
420,-9_0,20.0,13181.729786480366
420,0_1,251.0,13114.943419058558
420,9_2,0.0,0.0
420,-3_1,0.0,5132.034133069574
420,5_1,0.0,0.0
420,1_0,0.0,0.0
420,-6_2,525.0,20997.777777777777
420,4_2,0.0,0.0
420,-3_2,16.0,19408.267653005496
420,-4_2,140.0,23619.973577106273
420,-2_0,407.0,18234.534659472956
450,2_2,0.0,4011.6381563948753
450,-4_0,418.0,10498.888888888889
450,5_2,0.0,0.0
450,7_2,0.0,0.0
450,4_0,0.0,0.0
450,-1_0,210.0,10498.888888888889
450,3_0,1559.0,44620.27777777777
450,-5_1,690.0,18373.055555555555
450,-9_2,1031.0,13123.611111111111
450,1_2,0.0,0.0
450,-7_2,91.0,5249.444444444444
450,-8_1,825.0,13123.611111111111
450,-2_1,431.0,15748.333333333334
450,6_1,0.0,0.0
450,8_2,0.0,0.0
450,0_0,436.0,29290.506339311
450,4_1,0.0,0.0
450,6_0,0.0,2490.358023106566
450,9_1,0.0,12819.776773793536
450,-3_0,73.0,7874.166666666666
450,-0_0,0.0,0.0
450,2_1,0.0,0.0
450,-6_0,447.0,36923.47004591889
450,1_1,0.0,0.0
450,-5_0,381.0,24732.186230860127
450,7_1,0.0,0.0
450,2_0,0.0,0.0
450,5_0,0.0,0.0
450,-6_1,471.0,26247.078698112935
450,-8_0,918.0,13123.611111111111
450,-0_2,0.0,0.0
450,3_1,1384.0,44620.259657977556
450,-5_2,0.0,5973.754383824598
450,-4_1,316.0,10498.888888888889
450,-9_1,98.0,13121.461667144982
450,9_0,0.0,0.0
450,-0_1,0.0,0.0
450,3_2,0.0,0.0
450,8_0,0.0,0.0
450,-8_2,995.0,48885.03262466771
450,7_0,0.0,0.0
450,-1_1,66.0,8756.310923246625
450,0_2,359.0,15747.463751193482
450,6_2,0.0,2562.074911173512
450,8_1,0.0,0.0
450,-1_2,54.0,9162.256397625684
450,-2_2,557.0,15748.333333333334
450,-7_1,167.0,5249.444444444444
450,-7_0,578.0,7874.166666666666
450,-9_0,84.0,19678.640036486388
450,0_1,418.0,18366.93364650893
450,9_2,0.0,0.0
450,-3_1,78.0,7874.166666666666
450,5_1,0.0,0.0
450,1_0,0.0,0.0
450,-6_2,765.0,26002.174523143465
450,4_2,0.0,21599.346412646642
450,-3_2,0.0,0.0
450,-4_2,418.0,32519.689236688246
450,-2_0,599.0,18373.055555555555
480,2_2,0.0,0.0
480,-4_0,538.0,13123.611111111111
480,5_2,0.0,0.0
480,7_2,0.0,0.0
480,4_0,0.0,0.0
480,-1_0,311.0,10498.888888888889
480,3_0,0.0,8566.944113623078
480,-5_1,900.0,18373.055555555555
480,-9_2,93.0,15747.925331087301
480,1_2,0.0,0.0
480,-7_2,151.0,5249.444444444444
480,-8_1,975.0,13123.611111111111
480,-2_1,0.0,0.0
480,6_1,11.0,15981.015712560542
480,8_2,0.0,0.0
480,0_0,702.0,29925.31975001573
480,4_1,0.0,0.0
480,6_0,30.0,15062.746554728128
480,9_1,0.0,0.0
480,-3_0,163.0,7874.166666666666
480,-0_0,0.0,0.0
480,2_1,0.0,0.0
480,-6_0,779.0,42894.73994162333
480,1_1,0.0,4847.8053208912415
480,-5_0,612.0,26070.3525257308
480,7_1,0.0,0.0
480,2_0,0.0,0.0
480,5_0,0.0,0.0
480,-6_1,803.0,41060.38583961793
480,-8_0,36.0,13122.117937249572
480,-0_2,0.0,0.0
480,3_1,0.0,7367.247357866134
480,-5_2,17.0,2624.722222222222
480,-4_1,436.0,10498.888888888889
480,-9_1,257.0,15748.333333333334
480,9_0,0.0,0.0
480,-0_1,0.0,0.0
480,3_2,0.0,9123.053207494118
480,8_0,0.0,0.0
480,-8_2,0.0,3567.6879144628338
480,7_0,0.0,0.0
480,-1_1,154.0,7874.166666666666
480,0_2,539.0,15748.333333333334
480,6_2,86.0,20898.417045395814
480,8_1,0.0,0.0
480,-1_2,148.0,10498.888888888889
480,-2_2,737.0,15748.333333333334
480,-7_1,227.0,5249.444444444444
480,-7_0,668.0,7874.166666666666
480,-9_0,245.0,30079.07449618661
480,0_1,673.0,26247.151296456264
480,9_2,0.0,0.0
480,-3_1,168.0,7874.166666666666
480,5_1,0.0,0.0
480,1_0,0.0,0.0
480,-6_2,1103.0,46774.95067412322
480,4_2,0.0,0.0
480,-3_2,0.0,0.0
480,-4_2,791.0,34121.38888888889
480,-2_0,0.0,0.0
510,2_2,0.0,0.0
510,-4_0,670.0,13123.611111111111
510,5_2,0.0,5050.944665238362
510,7_2,0.0,12682.819821378442
510,4_0,0.0,0.0
510,-1_0,431.0,10498.888888888889
510,3_0,94.0,29084.425284044322
510,-5_1,1130.0,23622.465177271544
510,-9_2,273.0,15748.333333333334
510,1_2,0.0,0.0
510,-7_2,211.0,5249.444444444444
510,-8_1,824.0,10498.888888888889
510,-2_1,0.0,0.0
510,6_1,40.0,18390.018092752496
510,8_2,0.0,0.0
510,0_0,0.0,17750.339307592953
510,4_1,0.0,0.0
510,6_0,256.0,23622.5
510,9_1,0.0,0.0
510,-3_0,253.0,7874.166666666666
510,-0_0,0.0,0.0
510,2_1,0.0,0.0
510,-6_0,1224.0,41995.55555555555
510,1_1,0.0,0.0
510,-5_0,856.0,32573.48343845369
510,7_1,0.0,0.0
510,2_0,0.0,0.0
510,5_0,0.0,0.0
510,-6_1,1232.0,42681.205662005545
510,-8_0,186.0,13123.611111111111
510,-0_2,0.0,0.0
510,3_1,69.0,26271.06014310882
510,-5_2,47.0,2624.722222222222
510,-4_1,556.0,10498.888888888889
510,-9_1,505.0,26247.222222222223
510,9_0,0.0,0.0
510,-0_1,0.0,0.0
510,3_2,66.0,15606.553541826632
510,8_0,0.0,0.0
510,-8_2,77.0,12911.646244968917
510,7_0,0.0,2337.0117072222224
510,-1_1,254.0,10498.888888888889
510,0_2,741.0,18373.055555555555
510,6_2,0.0,13407.37699306129
510,8_1,0.0,0.0
510,-1_2,318.0,25209.027140936556
510,-2_2,917.0,15748.333333333334
510,-7_1,37.0,5249.444444444444
510,-7_0,463.0,5249.444444444444
510,-9_0,511.0,28866.129821103237
510,0_1,0.0,0.0
510,9_2,0.0,0.0
510,-3_1,258.0,7874.166666666666
510,5_1,0.0,0.0
510,1_0,0.0,0.0
510,-6_2,0.0,15233.74633472306
510,4_2,0.0,0.0
510,-3_2,9.0,2624.722222222222
510,-4_2,1215.0,39370.718244963384
510,-2_0,0.0,0.0
540,2_2,0.0,0.0
540,-4_0,820.0,13123.611111111111
540,5_2,0.0,0.0
540,7_2,0.0,0.0
540,4_0,0.0,0.0
540,-1_0,551.0,10498.888888888889
540,3_0,458.0,38206.97674636894
540,-5_1,1400.0,23622.5
540,-9_2,453.0,15748.333333333334
540,1_2,0.0,9280.885032154361
540,-7_2,271.0,5249.444444444444
540,-8_1,91.0,10498.888888888889
540,-2_1,0.0,0.0
540,6_1,0.0,0.0
540,8_2,0.0,0.0
540,0_0,51.0,13085.507629479245
540,4_1,0.0,0.0
540,6_0,0.0,0.0
540,9_1,0.0,0.0
540,-3_0,375.0,28811.487192287495
540,-0_0,0.0,0.0
540,2_1,0.0,0.0
540,-6_0,0.0,7130.508313939024
540,1_1,0.0,0.0
540,-5_0,1149.0,30500.8532251789
540,7_1,0.0,0.0
540,2_0,0.0,0.0
540,5_0,0.0,0.0
540,-6_1,0.0,14489.69936022838
540,-8_0,336.0,13123.611111111111
540,-0_2,0.0,0.0
540,3_1,399.0,31496.666666666668
540,-5_2,77.0,2624.722222222222
540,-4_1,676.0,10498.888888888889
540,-9_1,806.0,28866.53457504708
540,9_0,0.0,3905.8796749555854
540,-0_1,0.0,0.0
540,3_2,235.0,20640.562317133183
540,8_0,0.0,0.0
540,-8_2,223.0,19438.595335139973
540,7_0,0.0,0.0
540,-1_1,374.0,10498.888888888889
540,0_2,0.0,0.0
540,6_2,39.0,7874.166666666666
540,8_1,0.0,0.0
540,-1_2,580.0,34044.13010340307
540,-2_2,1127.0,18373.055555555555
540,-7_1,97.0,5249.444444444444
540,-7_0,523.0,9557.96066328808
540,-9_0,841.0,33223.03684174268
540,0_1,29.0,5249.444444444444
540,9_2,0.0,0.0
540,-3_1,371.0,33476.64139419802
540,5_1,0.0,0.0
540,1_0,0.0,0.0
540,-6_2,79.0,27158.785735621972
540,4_2,0.0,0.0
540,-3_2,47.0,27604.913382735624
540,-4_2,1675.0,41995.55555555555
540,-2_0,6.0,2624.722222222222
570,2_2,0.0,0.0
570,-4_0,970.0,13123.611111111111
570,5_2,0.0,0.0
570,7_2,0.0,0.0
570,4_0,0.0,0.0
570,-1_0,701.0,15748.333333333334
570,3_0,0.0,4479.7813115420095
570,-5_1,1700.0,26247.222222222223
570,-9_2,633.0,15748.333333333334
570,1_2,0.0,0.0
570,-7_2,359.0,7874.166666666666
570,-8_1,218.0,13123.611111111111
570,-2_1,0.0,0.0
570,6_1,25.0,18535.427492707826
570,8_2,0.0,0.0
570,0_0,153.0,10498.888888888889
570,4_1,0.0,0.0
570,6_0,24.0,13114.39888422865
570,9_1,0.0,0.0
570,-3_0,0.0,0.0
570,-0_0,0.0,7538.960767191261
570,2_1,0.0,0.0
570,-6_0,113.0,32229.02654415646
570,1_1,0.0,0.0
570,-5_0,1468.0,28871.944444444445
570,7_1,0.0,0.0
570,2_0,0.0,0.0
570,5_0,0.0,0.0
570,-6_1,134.0,26216.521759796826
570,-8_0,486.0,13123.611111111111
570,-0_2,0.0,0.0
570,3_1,0.0,4041.7169045992305
570,-5_2,121.0,24626.14210647916
570,-4_1,796.0,10498.888888888889
570,-9_1,0.0,0.0
570,9_0,0.0,0.0
570,-0_1,0.0,9097.971896071751
570,3_2,405.0,15748.333333333334
570,8_0,0.0,0.0
570,-8_2,475.0,41934.214676391755
570,7_0,0.0,0.0
570,-1_1,494.0,10498.888888888889
570,0_2,2.0,2623.430221774624
570,6_2,147.0,17426.46817629465
570,8_1,0.0,0.0
570,-1_2,899.0,34052.14195200765
570,-2_2,1337.0,18373.055555555555
570,-7_1,180.0,10498.888888888889
570,-7_0,614.0,10498.888888888889
570,-9_0,0.0,3110.5454486042913
570,0_1,103.0,7874.166666666666
570,9_2,0.0,0.0
570,-3_1,0.0,0.0
570,5_1,0.0,0.0
570,1_0,0.0,0.0
570,-6_2,269.0,28871.679186044912
570,4_2,0.0,0.0
570,-3_2,200.0,23546.692388618805
570,-4_2,2158.0,52744.764466732384
570,-2_0,36.0,2624.722222222222
600,2_2,0.0,25366.03188531794
600,-4_0,1120.0,19640.403688287595
600,5_2,0.0,0.0
600,7_2,0.0,0.0
600,4_0,0.0,0.0
600,-1_0,851.0,13123.611111111111
600,3_0,15.0,5249.396744550924
600,-5_1,2008.0,28871.944444444445
600,-9_2,813.0,15748.333333333334
600,1_2,0.0,0.0
600,-7_2,449.0,7874.166666666666
600,-8_1,368.0,13123.611111111111
600,-2_1,29.0,2624.722222222222
600,6_1,0.0,0.0
600,8_2,0.0,0.0
600,0_0,289.0,15748.333333333334
600,4_1,0.0,0.0
600,6_0,0.0,1496.7633461305575
600,9_1,0.0,4880.069840776961
600,-3_0,10.0,12135.726646665773
600,-0_0,0.0,0.0
600,2_1,0.0,0.0
600,-6_0,0.0,12086.59686522382
600,1_1,0.0,0.0
600,-5_0,1798.0,28871.944444444445
600,7_1,0.0,0.0
600,2_0,0.0,0.0
600,5_0,0.0,0.0
600,-6_1,0.0,6411.402269059996
600,-8_0,636.0,13123.611111111111
600,-0_2,0.0,0.0
600,3_1,14.0,2624.722222222222
600,-5_2,291.0,20997.745520574972
600,-4_1,916.0,10498.888888888889
600,-9_1,11.0,2624.722222222222
600,9_0,0.0,6305.239031427318
600,-0_1,0.0,0.0
600,3_2,585.0,15748.333333333334
600,8_0,0.0,0.0
600,-8_2,868.0,55896.46905630227
600,7_0,0.0,0.0
600,-1_1,614.0,10498.888888888889
600,0_2,61.0,5249.444444444444
600,6_2,353.0,18373.055555555555
600,8_1,0.0,0.0
600,-1_2,1295.0,41836.49227421987
600,-2_2,1576.0,20997.777777777777
600,-7_1,306.0,13123.611111111111
600,-7_0,746.0,13123.611111111111
600,-9_0,9.0,15976.393353086994
600,0_1,248.0,13123.611111111111
600,9_2,0.0,0.0
600,-3_1,13.0,10842.103233337675
600,5_1,0.0,0.0
600,1_0,0.0,0.0
600,-6_2,279.0,25253.846581641235
600,4_2,0.0,0.0
600,-3_2,0.0,4818.164943488168
600,-4_2,2796.0,62993.3333333333
600,-2_0,75.0,5249.444444444444
630,2_2,0.0,0.0
630,-4_0,1270.0,13123.611111111111
630,5_2,0.0,0.0
630,7_2,0.0,0.0
630,4_0,0.0,0.0
630,-1_0,1001.0,13123.611111111111
630,3_0,77.0,12764.671775851628
630,-5_1,2338.0,28871.944444444445
630,-9_2,998.0,18373.037387334585
630,1_2,0.0,0.0
630,-7_2,542.0,10498.888888888889
630,-8_1,518.0,15806.380620229851
630,-2_1,59.0,2624.722222222222
630,6_1,15.0,17142.834230575532
630,8_2,0.0,0.0
630,0_0,475.0,26260.817152358184
630,4_1,0.0,0.0
630,6_0,35.0,11621.530717422182
630,9_1,0.0,0.0
630,-3_0,177.0,18373.055555555555
630,-0_0,0.0,0.0
630,2_1,0.0,0.0
630,-6_0,25.0,13087.192899971671
630,1_1,0.0,0.0
630,-5_0,2153.0,31496.666666666668
630,7_1,0.0,0.0
630,2_0,0.0,0.0
630,5_0,0.0,0.0
630,-6_1,27.0,14715.565562963986
630,-8_0,786.0,15748.333333333334
630,-0_2,0.0,0.0
630,3_1,88.0,28635.287399491892
630,-5_2,547.0,26247.222222222223
630,-4_1,1038.0,13122.27785351949
630,-9_1,101.0,15748.265449440554
630,9_0,0.0,0.0
630,-0_1,0.0,0.0
630,3_2,771.0,20993.702961459632
630,8_0,0.0,0.0
630,-8_2,0.0,32049.31140991125
630,7_0,0.0,0.0
630,-1_1,734.0,10498.888888888889
630,0_2,149.0,7874.166666666666
630,6_2,568.0,29278.295200895645
630,8_1,0.0,0.0
630,-1_2,0.0,3266.4932088740397
630,-2_2,1816.0,20997.777777777777
630,-7_1,456.0,13123.611111111111
630,-7_0,896.0,13123.611111111111
630,-9_0,119.0,34240.62240781093
630,0_1,404.0,19543.04834319391
630,9_2,0.0,0.0
630,-3_1,163.0,18373.055555555555
630,5_1,0.0,0.0
630,1_0,0.0,0.0
630,-6_2,303.0,39561.21387419769
630,4_2,0.0,0.0
630,-3_2,87.0,18373.035441381628
630,-4_2,0.0,45333.82258299937
630,-2_0,135.0,5249.444444444444
660,2_2,0.0,0.0
660,-4_0,25.0,13120.535582809269
660,5_2,0.0,30626.805779143753
660,7_2,0.0,13559.486806844467
660,4_0,0.0,0.0
660,-1_0,952.0,13123.611111111111
660,3_0,261.0,20997.777777777777
660,-5_1,170.0,28871.890366914362
660,-9_2,1241.0,26247.222222222223
660,1_2,0.0,0.0
660,-7_2,662.0,23722.703278602425
660,-8_1,668.0,13123.611111111111
660,-2_1,89.0,2624.722222222222
660,6_1,108.0,10498.04578136584
660,8_2,0.0,0.0
660,0_0,685.0,22719.007589660825
660,4_1,0.0,0.0
660,6_0,141.0,15741.453080229472
660,9_1,0.0,0.0
660,-3_0,387.0,18373.055555555555
660,-0_0,0.0,0.0
660,2_1,0.0,0.0
660,-6_0,181.0,27076.693620773607
660,1_1,0.0,0.0
660,-5_0,2458.0,28871.944444444445
660,7_1,0.0,0.0
660,2_0,0.0,0.0
660,5_0,0.0,0.0
660,-6_1,147.0,14575.669860572147
660,-8_0,938.0,18372.64311911851
660,-0_2,0.0,4259.021006157766
660,3_1,314.0,32372.71057659968
660,-5_2,874.0,28871.944444444445
660,-4_1,37.0,10498.888888888889
660,-9_1,315.0,23622.466192354914
660,9_0,0.0,0.0
660,-0_1,0.0,0.0
660,3_2,1011.0,20997.777777777777
660,8_0,0.0,0.0
660,-8_2,214.0,41978.51564315606
660,7_0,0.0,0.0
660,-1_1,59.0,10498.888888888889
660,0_2,257.0,13123.396984295821
660,6_2,0.0,5022.728338628006
660,8_1,0.0,0.0
660,-1_2,56.0,13303.103031607152
660,-2_2,0.0,0.0
660,-7_1,606.0,13123.611111111111
660,-7_0,1046.0,13123.611111111111
660,-9_0,346.0,30172.82102717372
660,0_1,618.0,23618.889918443485
660,9_2,0.0,0.0
660,-3_1,373.0,18373.055555555555
660,5_1,0.0,2893.8045660535113
660,1_0,0.0,0.0
660,-6_2,0.0,5726.673813150362
660,4_2,0.0,0.0
660,-3_2,297.0,18373.055555555555
660,-4_2,232.0,44602.0751604605
660,-2_0,195.0,8783.3035304228
690,2_2,0.0,0.0
690,-4_0,175.0,13123.611111111111
690,5_2,0.0,0.0
690,7_2,0.0,0.0
690,4_0,0.0,2936.0852370186785
690,-1_0,1072.0,16251.656769631356
690,3_0,518.0,26245.69644860275
690,-5_1,500.0,28871.944444444445
690,-9_2,1560.0,31496.666666666668
690,1_2,0.0,0.0
690,-7_2,40.0,13123.222645679722
690,-8_1,831.0,15748.333333333334
690,-2_1,144.0,5249.444444444444
690,6_1,238.0,16011.782592537556
690,8_2,0.0,0.0
690,0_0,944.0,26247.222222222223
690,4_1,0.0,0.0
690,6_0,290.0,24311.33151818353
690,9_1,0.0,0.0
690,-3_0,0.0,0.0
690,-0_0,0.0,2490.777816753244
690,2_1,0.0,0.0
690,-6_0,372.0,35408.34687686892
690,1_1,0.0,0.0
690,-5_0,2186.0,27125.961995781865
690,7_1,0.0,0.0
690,2_0,0.0,0.0
690,5_0,0.0,0.0
690,-6_1,338.0,35197.44347973456
690,-8_0,1118.0,15748.333333333334
690,-0_2,0.0,0.0
690,3_1,584.0,27217.643830742985
690,-5_2,1213.0,31496.666666666668
690,-4_1,158.0,13118.798035560347
690,-9_1,585.0,23622.5
690,9_0,0.0,0.0
690,-0_1,0.0,0.0
690,3_2,1251.0,20997.777777777777
690,8_0,0.0,0.0
690,-8_2,0.0,17512.10742340575
690,7_0,0.0,0.0
690,-1_1,179.0,10498.888888888889
690,0_2,407.0,13123.611111111111
690,6_2,36.0,30142.669220788626
690,8_1,0.0,0.0
690,-1_2,243.0,26388.339482194482
690,-2_2,22.0,5249.444444444444
690,-7_1,756.0,13123.611111111111
690,-7_0,64.0,10498.888888888889
690,-9_0,636.0,26247.222222222223
690,0_1,916.0,28871.944444444445
690,9_2,0.0,0.0
690,-3_1,0.0,0.0
690,5_1,0.0,0.0
690,1_0,0.0,0.0
690,-6_2,9.0,15490.748421365033
690,4_2,0.0,0.0
690,-3_2,119.0,15748.223656512893
690,-4_2,0.0,14348.152360889502
690,-2_0,255.0,5249.444444444444
720,2_2,0.0,4995.59392745278
720,-4_0,325.0,15748.333333333334
720,5_2,0.0,0.0
720,7_2,0.0,0.0
720,4_0,0.0,0.0
720,-1_0,19.0,9149.820519842999
720,3_0,818.0,26247.222222222223
720,-5_1,830.0,28871.944444444445
720,-9_2,0.0,0.0
720,1_2,0.0,0.0
720,-7_2,190.0,13123.611111111111
720,-8_1,1011.0,15748.333333333334
720,-2_1,204.0,5249.444444444444
720,6_1,453.0,20997.777777777777
720,8_2,0.0,28916.21603942661
720,0_0,1263.0,31494.875940588667
720,4_1,0.0,0.0
720,6_0,501.0,20997.777777777777
720,9_1,0.0,0.0
720,-3_0,0.0,19492.529661979454
720,-0_0,0.0,0.0
720,2_1,0.0,0.0
720,-6_0,0.0,5376.12199200579
720,1_1,0.0,0.0
720,-5_0,217.0,28871.944444444445
720,7_1,0.0,0.0
720,2_0,0.0,2547.623910952416
720,5_0,0.0,0.0
720,-6_1,0.0,4566.911124336771
720,-8_0,1305.0,18373.055555555555
720,-0_2,0.0,0.0
720,3_1,854.0,23622.5
720,-5_2,1573.0,31496.666666666668
720,-4_1,308.0,13123.611111111111
720,-9_1,865.0,26247.222222222223
720,9_0,0.0,0.0
720,-0_1,0.0,0.0
720,3_2,1516.0,26247.222222222223
720,8_0,0.0,0.0
720,-8_2,95.0,13123.611111111111
720,7_0,0.0,0.0
720,-1_1,299.0,10498.888888888889
720,0_2,557.0,13123.611111111111
720,6_2,312.0,33790.02199838671
720,8_1,0.0,0.0
720,-1_2,540.0,34121.33281356697
720,-2_2,82.0,6935.39856635769
720,-7_1,906.0,13123.611111111111
720,-7_0,184.0,10498.888888888889
720,-9_0,936.0,38134.54411292963
720,0_1,1253.0,38068.94593515241
720,9_2,0.0,0.0
720,-3_1,0.0,13615.291748153963
720,5_1,0.0,0.0
720,1_0,0.0,0.0
720,-6_2,68.0,11206.990451970742
720,4_2,0.0,0.0
720,-3_2,0.0,13766.075164591657
720,-4_2,95.0,14631.507675846084
720,-2_0,315.0,5249.444444444444
750,2_2,0.0,0.0
750,-4_0,475.0,13123.611111111111
750,5_2,0.0,0.0
750,7_2,0.0,10261.635298247758
750,4_0,0.0,24618.42680674466
750,-1_0,104.0,10498.888888888889
750,3_0,1125.0,36009.856564906666
750,-5_1,0.0,0.0
750,-9_2,20.0,2624.722222222222
750,1_2,0.0,0.0
750,-7_2,340.0,13123.611111111111
750,-8_1,1193.0,22299.941560596508
750,-2_1,264.0,5249.444444444444
750,6_1,544.0,18054.908948529624
750,8_2,0.0,0.0
750,0_0,1666.0,36746.11111111111
750,4_1,0.0,22536.454665596997
750,6_0,702.0,18373.055555555555
750,9_1,0.0,0.0
750,-3_0,0.0,3451.7391281090972
750,-0_0,0.0,6520.247430495076
750,2_1,0.0,0.0
750,-6_0,23.0,9283.437324405575
750,1_1,0.0,0.0
750,-5_0,0.0,5344.728177297893
750,7_1,0.0,0.0
750,2_0,0.0,0.0
750,5_0,0.0,0.0
750,-6_1,1.0,2620.0933011933294
750,-8_0,1515.0,18373.055555555555
750,-0_2,0.0,0.0
750,3_1,1138.0,26247.222222222223
750,-5_2,1960.0,34121.38888888889
750,-4_1,458.0,13123.611111111111
750,-9_1,1192.0,36391.283654249404
750,9_0,0.0,0.0
750,-0_1,0.0,0.0
750,3_2,1816.0,26247.222222222223
750,8_0,0.0,0.0
750,-8_2,258.0,23218.99899564326
750,7_0,0.0,0.0
750,-1_1,419.0,10498.888888888889
750,0_2,723.0,18598.058056319627
750,6_2,0.0,10102.338599921284
750,8_1,0.0,0.0
750,-1_2,954.0,45221.440970650736
750,-2_2,177.0,10498.888888888889
750,-7_1,1056.0,13123.611111111111
750,-7_0,304.0,13123.611111111111
750,-9_0,1264.0,31495.39215095017
750,0_1,1654.0,36746.11111111111
750,9_2,0.0,0.0
750,-3_1,0.0,0.0
750,5_1,0.0,0.0
750,1_0,0.0,0.0
750,-6_2,103.0,22920.82139265767
750,4_2,0.0,3761.8235201283605
750,-3_2,85.0,10498.888888888889
750,-4_2,262.0,18373.055555555555
750,-2_0,375.0,5249.444444444444
780,2_2,0.0,0.0
780,-4_0,632.0,22562.72695575301
780,5_2,0.0,0.0
780,7_2,0.0,0.0
780,4_0,0.0,0.0
780,-1_0,231.0,15748.333333333334
780,3_0,1455.0,28871.944444444445
780,-5_1,0.0,0.0
780,-9_2,62.0,5249.444444444444
780,1_2,0.0,12845.757599155973
780,-7_2,490.0,20506.512204798884
780,-8_1,8.0,13032.544423833246
780,-2_1,324.0,5249.444444444444
780,6_1,725.0,18372.848076252958
780,8_2,0.0,0.0
780,0_0,2086.0,46438.75716069087
780,4_1,0.0,0.0
780,6_0,912.0,18373.055555555555
780,9_1,0.0,0.0
780,-3_0,10.0,7861.188949245916
780,-0_0,0.0,0.0
780,2_1,0.0,0.0
780,-6_0,75.0,21095.79775545588
780,1_1,0.0,0.0
780,-5_0,16.0,5249.444444444444
780,7_1,0.0,0.0
780,2_0,0.0,0.0
780,5_0,0.0,0.0
780,-6_1,91.0,23246.820767520345
780,-8_0,1680.0,18373.055555555555
780,-0_2,0.0,0.0
780,3_1,1265.0,38305.34817189186
780,-5_2,39.0,28609.827717418208
780,-4_1,608.0,13123.611111111111
780,-9_1,0.0,0.0
780,9_0,0.0,0.0
780,-0_1,0.0,0.0
780,3_2,0.0,0.0
780,8_0,0.0,0.0
780,-8_2,508.0,30789.173683277648
780,7_0,0.0,3529.40536194084
780,-1_1,539.0,10498.888888888889
780,0_2,0.0,0.0
780,6_2,0.0,0.0
780,8_1,0.0,0.0
780,-1_2,1471.0,49869.11562235849
780,-2_2,307.0,13123.611111111111
780,-7_1,1206.0,13123.611111111111
780,-7_0,438.0,13123.611111111111
780,-9_0,0.0,6780.8435276064565
780,0_1,2074.0,36746.11111111111
780,9_2,0.0,0.0
780,-3_1,1.0,2624.688998991456
780,5_1,0.0,0.0
780,1_0,0.0,0.0
780,-6_2,332.0,29755.7127547771
780,4_2,0.0,10433.433264498866
780,-3_2,205.0,10498.888888888889
780,-4_2,472.0,20519.19081523021
780,-2_0,435.0,5249.444444444444
810,2_2,0.0,0.0
810,-4_0,829.0,20997.777777777777
810,5_2,0.0,19851.039590896213
810,7_2,0.0,0.0
810,4_0,0.0,0.0
810,-1_0,381.0,13123.611111111111
810,3_0,1810.0,40481.81911952588
810,-5_1,0.0,2594.1624294782205
810,-9_2,122.0,5249.444444444444
810,1_2,0.0,0.0
810,-7_2,655.0,24470.455658827603
810,-8_1,184.0,15748.333333333334
810,-2_1,384.0,9355.113815451117
810,6_1,0.0,0.0
810,8_2,0.0,0.0
810,0_0,2534.0,50734.01283886797
810,4_1,0.0,0.0
810,6_0,0.0,6219.755116961867
810,9_1,0.0,3057.024433965209
810,-3_0,88.0,7874.166666666666
810,-0_0,0.0,0.0
810,2_1,0.0,0.0
810,-6_0,415.0,36746.088226656444
810,1_1,0.0,0.0
810,-5_0,46.0,7372.992677265163
810,7_1,0.0,0.0
810,2_0,0.0,0.0
810,5_0,0.0,0.0
810,-6_1,363.0,34424.51663910822
810,-8_0,1890.0,18373.055555555555
810,-0_2,0.0,0.0
810,3_1,1645.0,45886.793869998466
810,-5_2,449.0,51208.99911221112
810,-4_1,783.0,15748.333333333334
810,-9_1,23.0,12198.54614318222
810,9_0,0.0,3443.4469446353896
810,-0_1,0.0,0.0
810,3_2,6.0,11239.181937035011
810,8_0,0.0,0.0
810,-8_2,875.0,39357.96259530101
810,7_0,0.0,0.0
810,-1_1,659.0,10498.888888888889
810,0_2,0.0,0.0
810,6_2,8.0,2624.722222222222
810,8_1,0.0,0.0
810,-1_2,0.0,24546.62480254834
810,-2_2,457.0,13123.611111111111
810,-7_1,49.0,13103.522098161786
810,-7_0,588.0,13123.611111111111
810,-9_0,21.0,2624.722222222222
810,0_1,2534.0,41995.55555555555
810,9_2,0.0,0.0
810,-3_1,60.0,7874.09766855345
810,5_1,0.0,0.0
810,1_0,0.0,0.0
810,-6_2,0.0,14294.165849189745
810,4_2,0.0,0.0
810,-3_2,325.0,10498.888888888889
810,-4_2,721.0,37181.08924590355
810,-2_0,495.0,5249.444444444444
840,2_2,0.0,0.0
840,-4_0,1039.0,18373.055555555555
840,5_2,0.0,0.0
840,7_2,0.0,0.0
840,4_0,0.0,0.0
840,-1_0,0.0,0.0
840,3_0,0.0,24860.535953144077
840,-5_1,30.0,2624.722222222222
840,-9_2,182.0,5249.444444444444
840,1_2,0.0,0.0
840,-7_2,882.0,20997.777777777777
840,-8_1,98.0,15748.333333333334
840,-2_1,1.0,2620.102264189646
840,6_1,12.0,19817.542613320704
840,8_2,0.0,0.0
840,0_0,86.0,36447.806199239836
840,4_1,0.0,0.0
840,6_0,28.0,16266.215354337926
840,9_1,0.0,0.0
840,-3_0,188.0,10498.888888888889
840,-0_0,0.0,0.0
840,2_1,0.0,0.0
840,-6_0,849.0,45153.67568997858
840,1_1,0.0,0.0
840,-5_0,91.0,5249.444444444444
840,7_1,0.0,0.0
840,2_0,0.0,0.0
840,5_0,0.0,0.0
840,-6_1,794.0,52701.510179865756
840,-8_0,1713.0,15748.333333333334
840,-0_2,0.0,0.0
840,3_1,0.0,24959.828634232883
840,-5_2,1027.0,55087.537974295716
840,-4_1,963.0,18967.614391422372
840,-9_1,101.0,7874.166666666666
840,9_0,0.0,0.0
840,-0_1,0.0,0.0
840,3_2,59.0,14370.563247958933
840,8_0,0.0,0.0
840,-8_2,0.0,25180.170720521404
840,7_0,0.0,0.0
840,-1_1,0.0,0.0
840,0_2,0.0,0.0
840,6_2,50.0,20236.24066879148
840,8_1,0.0,0.0
840,-1_2,181.0,34039.1013409952
840,-2_2,633.0,20967.211311010826
840,-7_1,199.0,13123.611111111111
840,-7_0,738.0,15748.333333333334
840,-9_0,68.0,5249.444444444444
840,0_1,151.0,41874.58544815648
840,9_2,0.0,0.0
840,-3_1,154.0,10498.855166333238
840,5_1,0.0,0.0
840,1_0,0.0,0.0
840,-6_2,112.0,24385.723403310698
840,4_2,0.0,0.0
840,-3_2,445.0,13105.22462428146
840,-4_2,1097.0,36746.11111111111
840,-2_0,518.0,8843.474437269682
870,2_2,0.0,0.0
870,-4_0,1249.0,18373.055555555555
870,5_2,0.0,0.0
870,7_2,0.0,0.0
870,4_0,0.0,0.0
870,-1_0,22.0,2624.722222222222
870,3_0,211.0,39297.45828384073
870,-5_1,60.0,13734.316357211821
870,-9_2,242.0,5249.444444444444
870,1_2,0.0,0.0
870,-7_2,1137.0,27617.41838204012
870,-8_1,278.0,15748.333333333334
870,-2_1,51.0,5249.444444444444
870,6_1,0.0,0.0
870,8_2,0.0,0.0
870,0_0,0.0,8744.390076124244
870,4_1,0.0,0.0
870,6_0,0.0,5001.06225793906
870,9_1,0.0,2259.159292831839
870,-3_0,308.0,13810.375613023662
870,-0_0,0.0,0.0
870,2_1,0.0,0.0
870,-6_0,1391.0,52494.44444444442
870,1_1,0.0,0.0
870,-5_0,151.0,8067.860625658201
870,7_1,0.0,0.0
870,2_0,0.0,0.0
870,5_0,0.0,0.0
870,-6_1,1355.0,54180.83619482665
870,-8_0,1893.0,15748.333333333334
870,-0_2,0.0,0.0
870,3_1,201.0,38601.1948790972
870,-5_2,0.0,26538.509236774233
870,-4_1,1146.0,18372.897109669022
870,-9_1,205.0,15746.073221297049
870,9_0,0.0,5011.702523412338
870,-0_1,0.0,0.0
870,3_2,222.0,30728.142445989895
870,8_0,0.0,0.0
870,-8_2,168.0,36855.447128895576
870,7_0,0.0,0.0
870,-1_1,0.0,0.0
870,0_2,29.0,2624.722222222222
870,6_2,256.0,23622.5
870,8_1,0.0,0.0
870,-1_2,605.0,44620.255389414546
870,-2_2,873.0,20997.777777777777
870,-7_1,349.0,13123.611111111111
870,-7_0,891.0,15748.194183900332
870,-9_0,157.0,11403.786522147533
870,0_1,0.0,3403.0643412032123
870,9_2,0.0,0.0
870,-3_1,283.0,17309.681733199097
870,5_1,0.0,0.0
870,1_0,0.0,0.0
870,-6_2,431.0,31496.507123480016
870,4_2,0.0,0.0
870,-3_2,626.0,37633.46076448928
870,-4_2,1553.0,44619.81820745371
870,-2_0,588.0,7874.166666666666
900,2_2,0.0,15064.714797059507
900,-4_0,1469.0,20997.777777777777
900,5_2,0.0,0.0
900,7_2,0.0,0.0
900,4_0,0.0,0.0
900,-1_0,52.0,2624.722222222222
900,3_0,0.0,20679.6220571464
900,-5_1,132.0,7874.166666666666
900,-9_2,302.0,5249.444444444444
900,1_2,0.0,0.0
900,-7_2,0.0,0.0
900,-8_1,458.0,19309.114923331304
900,-2_1,46.0,5249.444444444444
900,6_1,0.0,4723.013001649922
900,8_2,0.0,0.0
900,0_0,62.0,22396.69010742788
900,4_1,0.0,0.0
900,6_0,13.0,14084.617107237587
900,9_1,0.0,0.0
900,-3_0,501.0,20997.777777777777
900,-0_0,0.0,0.0
900,2_1,0.0,0.0
900,-6_0,1991.0,55119.16666666664
900,1_1,0.0,0.0
900,-5_0,211.0,5249.444444444444
900,7_1,0.0,0.0
900,2_0,0.0,0.0
900,5_0,0.0,0.0
900,-6_1,1925.0,53075.15931119618
900,-8_0,2073.0,15748.333333333334
900,-0_2,0.0,0.0
900,3_1,21.0,28755.18851890127
900,-5_2,201.0,34121.192032409796
900,-4_1,1356.0,18373.055555555555
900,-9_1,401.0,35230.8374530145
900,9_0,0.0,0.0
900,-0_1,0.0,0.0
900,3_2,643.0,41995.541970602026
900,8_0,0.0,0.0
900,-8_2,497.0,31496.666666666668
900,7_0,0.0,0.0
900,-1_1,0.0,0.0
900,0_2,59.0,2624.722222222222
900,6_2,564.0,36693.85861122272
900,8_1,0.0,0.0
900,-1_2,1121.0,49860.59844784746
900,-2_2,1113.0,20997.777777777777
900,-7_1,499.0,13123.611111111111
900,-7_0,1071.0,15748.333333333334
900,-9_0,294.0,21281.40577493659
900,0_1,53.0,7874.071052694806
900,9_2,0.0,8510.795968443643
900,-3_1,408.0,22186.807348180224
900,5_1,0.0,0.0
900,1_0,0.0,0.0
900,-6_2,830.0,39370.83333333333
900,4_2,0.0,0.0
900,-3_2,0.0,0.0
900,-4_2,2075.0,47244.999999999985
900,-2_0,370.0,7874.166666666666
930,2_2,0.0,0.0
930,-4_0,1709.0,20997.777777777777
930,5_2,0.0,0.0
930,7_2,0.0,15264.880420300424
930,4_0,0.0,0.0
930,-1_0,82.0,2624.722222222222
930,3_0,148.0,20997.777777777777
930,-5_1,222.0,7874.166666666666
930,-9_2,387.0,7874.166666666666
930,1_2,0.0,0.0
930,-7_2,2.0,2624.0340630879577
930,-8_1,641.0,18372.41808077205
930,-2_1,106.0,5249.444444444444
930,6_1,169.0,20997.777777777777
930,8_2,0.0,0.0
930,0_0,214.0,20997.777777777777
930,4_1,0.0,0.0
930,6_0,240.0,36835.157326714216
930,9_1,0.0,0.0
930,-3_0,0.0,0.0
930,-0_0,0.0,0.0
930,2_1,0.0,0.0
930,-6_0,2635.0,57743.88888888886
930,1_1,0.0,0.0
930,-5_0,271.0,12030.133963181564
930,7_1,0.0,0.0
930,2_0,0.0,0.0
930,5_0,0.0,0.0
930,-6_1,2541.0,55119.16666666664
930,-8_0,2261.0,18373.055555555555
930,-0_2,0.0,0.0
930,3_1,144.0,18373.055555555555
930,-5_2,598.0,40527.41409451592
930,-4_1,1566.0,18373.055555555555
930,-9_1,720.0,28871.944444444445
930,9_0,0.0,0.0
930,-0_1,0.0,10157.56959736254
930,3_2,0.0,14899.897509421313
930,8_0,0.0,0.0
930,-8_2,906.0,48499.07519298379
930,7_0,0.0,0.0
930,-1_1,0.0,13099.961840331773
930,0_2,92.0,5247.851276070529
930,6_2,0.0,0.0
930,8_1,0.0,0.0
930,-1_2,1778.0,60368.61111111108
930,-2_2,1368.0,35953.660876209644
930,-7_1,649.0,13123.611111111111
930,-7_0,1251.0,15748.333333333334
930,-9_0,489.0,21441.774783535806
930,0_1,177.0,15747.676645002084
930,9_2,0.0,0.0
930,-3_1,0.0,0.0
930,5_1,0.0,0.0
930,1_0,0.0,0.0
930,-6_2,1280.0,39370.83333333333
930,4_2,0.0,28062.088182655556
930,-3_2,14.0,2624.722222222222
930,-4_2,2615.0,47244.999999999985
930,-2_0,430.0,12096.809367894051
960,2_2,0.0,0.0
960,-4_0,2.0,12376.423005271834
960,5_2,0.0,0.0
960,7_2,0.0,0.0
960,4_0,0.0,0.0
960,-1_0,112.0,2624.722222222222
960,3_0,348.0,30410.269011239405
960,-5_1,333.0,10498.888888888889
960,-9_2,477.0,7874.166666666666
960,1_2,0.0,0.0
960,-7_2,32.0,2624.722222222222
960,-8_1,851.0,18373.055555555555
960,-2_1,171.0,11567.96348551924
960,6_1,0.0,5878.940856485231
960,8_2,0.0,0.0
960,0_0,440.0,20997.777777777777
960,4_1,0.0,0.0
960,6_0,0.0,0.0
960,9_1,0.0,2706.431295365022
960,-3_0,8.0,27995.579467327487
960,-0_0,0.0,0.0
960,2_1,0.0,0.0
960,-6_0,0.0,31766.602836323425
960,1_1,0.0,0.0
960,-5_0,356.0,7874.166666666666
960,7_1,0.0,0.0
960,2_0,0.0,0.0
960,5_0,0.0,1391.4888679068151
960,-6_1,0.0,31165.87725456652
960,-8_0,2471.0,18373.055555555555
960,-0_2,0.0,0.0
960,3_1,337.0,29781.71798295637
960,-5_2,1044.0,39370.83333333333
960,-4_1,15.0,18169.95839740568
960,-9_1,960.0,26247.222222222223
960,9_0,0.0,0.0
960,-0_1,0.0,0.0
960,3_2,117.0,15782.692990131609
960,8_0,0.0,0.0
960,-8_2,1426.0,49869.722222222204
960,7_0,0.0,0.0
960,-1_1,7.0,2624.722222222222
960,0_2,161.0,12910.123903927033
960,6_2,72.0,10444.077265895092
960,8_1,0.0,0.0
960,-1_2,0.0,40106.82505092943
960,-2_2,1689.0,36881.764962796
960,-7_1,799.0,13123.611111111111
960,-7_0,1431.0,15748.333333333334
960,-9_0,735.0,26230.890908312904
960,0_1,397.0,23622.05894399881
960,9_2,0.0,0.0
960,-3_1,0.0,15024.206921011579
960,5_1,0.0,3411.2604784278838
960,1_0,0.0,0.0
960,-6_2,1769.0,44620.27777777777
960,4_2,0.0,0.0
960,-3_2,59.0,23959.057415398423
960,-4_2,3176.0,52494.44444444442
960,-2_0,511.0,7874.166666666666
990,2_2,0.0,0.0
990,-4_0,167.0,15748.333333333334
990,5_2,0.0,16709.339106087275
990,7_2,0.0,0.0
990,4_0,0.0,0.0
990,-1_0,142.0,2624.722222222222
990,3_0,689.0,34121.38888888889
990,-5_1,453.0,10498.888888888889
990,-9_2,572.0,10498.888888888889
990,1_2,0.0,0.0
990,-7_2,103.0,15733.204980521601
990,-8_1,0.0,0.0
990,-2_1,261.0,7874.166666666666
990,6_1,0.0,0.0
990,8_2,0.0,0.0
990,0_0,693.0,40476.94353307335
990,4_1,0.0,0.0
990,6_0,0.0,0.0
990,9_1,0.0,0.0
990,-3_0,179.0,20997.764567744798
990,-0_0,0.0,0.0
990,2_1,0.0,0.0
990,-6_0,165.0,31003.280527876355
990,1_1,0.0,0.0
990,-5_0,446.0,7874.166666666666
990,7_1,0.0,0.0
990,2_0,0.0,0.0
990,5_0,0.0,0.0
990,-6_1,174.0,20997.777777777777
990,-8_0,0.0,5136.289958355198
990,-0_2,0.0,25726.14595388967
990,3_1,720.0,36746.11111111111
990,-5_2,1494.0,39370.83333333333
990,-4_1,218.0,18373.055555555555
990,-9_1,1266.0,28871.944444444445
990,9_0,0.0,0.0
990,-0_1,0.0,0.0
990,3_2,329.0,20997.777777777777
990,8_0,0.0,0.0
990,-8_2,2017.0,57722.094729450546
990,7_0,0.0,7890.292730288313
990,-1_1,46.0,8315.190071386296
990,0_2,269.0,10498.888888888889
990,6_2,220.0,13123.611111111111
990,8_1,0.0,0.0
990,-1_2,253.0,49817.57601295477
990,-2_2,0.0,0.0
990,-7_1,949.0,13123.611111111111
990,-7_0,43.0,13123.213204418524
990,-9_0,1064.0,35077.77599957424
990,0_1,679.0,26247.222222222223
990,9_2,0.0,0.0
990,-3_1,160.0,23620.53857336834
990,5_1,0.0,0.0
990,1_0,0.0,0.0
990,-6_2,0.0,6655.576935439529
990,4_2,0.0,0.0
990,-3_2,354.0,28871.944444444445
990,-4_2,3807.0,57743.88888888886
990,-2_0,601.0,7874.166666666666
1020,2_2,0.0,19819.775975209428
1020,-4_0,347.0,22716.393095269457
1020,5_2,0.0,0.0
1020,7_2,0.0,0.0
1020,4_0,0.0,0.0
1020,-1_0,172.0,8619.251043010427
1020,3_0,1094.0,39370.83333333333
1020,-5_1,573.0,10498.888888888889
1020,-9_2,692.0,10498.888888888889
1020,1_2,0.0,0.0
1020,-7_2,283.0,15748.333333333334
1020,-8_1,21.0,2624.722222222222
1020,-2_1,351.0,7874.166666666666
1020,6_1,0.0,15607.29423553246
1020,8_2,0.0,0.0
1020,0_0,1067.0,51151.91668372137
1020,4_1,0.0,0.0
1020,6_0,0.0,0.0
1020,9_1,0.0,0.0
1020,-3_0,419.0,20997.777777777777
1020,-0_0,0.0,0.0
1020,2_1,0.0,0.0
1020,-6_0,445.0,35035.60050984225
1020,1_1,0.0,0.0
1020,-5_0,536.0,7874.166666666666
1020,7_1,0.0,0.0
1020,2_0,0.0,0.0
1020,5_0,0.0,0.0
1020,-6_1,454.0,43195.66966776895
1020,-8_0,30.0,5249.429667586142
1020,-0_2,0.0,0.0
1020,3_1,1140.0,36746.11111111111
1020,-5_2,1944.0,39370.83333333333
1020,-4_1,428.0,22138.218549931495
1020,-9_1,1639.0,34121.38888888889
1020,9_0,0.0,0.0
1020,-0_1,0.0,0.0
1020,3_2,569.0,20997.777777777777
1020,8_0,0.0,0.0
1020,-8_2,0.0,32633.217299218486
1020,7_0,0.0,0.0
1020,-1_1,106.0,5249.444444444444
1020,0_2,396.0,13123.611111111111
1020,6_2,400.0,34328.404147453875
1020,8_1,0.0,0.0
1020,-1_2,874.0,60368.61111111108
1020,-2_2,0.0,0.0
1020,-7_1,1099.0,13123.611111111111
1020,-7_0,197.0,15748.313667650387
1020,-9_0,1455.0,43494.20237566714
1020,0_1,1063.0,36746.11111111111
1020,9_2,0.0,0.0
1020,-3_1,117.0,17741.137915513373
1020,5_1,0.0,0.0
1020,1_0,0.0,0.0
1020,-6_2,11.0,9607.680128382392
1020,4_2,0.0,0.0
1020,-3_2,0.0,9590.148530491364
1020,-4_2,0.0,34530.603922812414
1020,-2_0,691.0,7874.166666666666
1050,2_2,0.0,0.0
1050,-4_0,577.0,23363.45372431408
1050,5_2,0.0,0.0
1050,7_2,0.0,20008.995490188336
1050,4_0,0.0,0.0
1050,-1_0,218.0,5249.444444444444
1050,3_0,0.0,13651.229938846885
1050,-5_1,693.0,10498.888888888889
1050,-9_2,53.0,13106.359205072074
1050,1_2,0.0,0.0
1050,-7_2,463.0,15748.333333333334
1050,-8_1,51.0,2624.722222222222
1050,-2_1,441.0,7874.166666666666
1050,6_1,47.0,17389.83889289214
1050,8_2,0.0,0.0
1050,0_0,1538.0,41995.55555555555
1050,4_1,0.0,0.0
1050,6_0,54.0,18972.0072465913
1050,9_1,0.0,0.0
1050,-3_0,526.0,15748.333333333334
1050,-0_0,0.0,0.0
1050,2_1,0.0,0.0
1050,-6_0,819.0,34121.38888888889
1050,1_1,0.0,0.0
1050,-5_0,626.0,17013.54787531882
1050,7_1,0.0,0.0
1050,2_0,0.0,0.0
1050,5_0,0.0,0.0
1050,-6_1,862.0,36746.11111111111
1050,-8_0,90.0,5249.444444444444
1050,-0_2,0.0,0.0
1050,3_1,0.0,33565.52180393769
1050,-5_2,2410.0,44620.27777777777
1050,-4_1,650.0,20997.777777777777
1050,-9_1,2096.0,41995.55555555555
1050,9_0,0.0,0.0
1050,-0_1,0.0,0.0
1050,3_2,133.0,19577.776147754248
1050,8_0,0.0,0.0
1050,-8_2,207.0,31495.315314514013
1050,7_0,0.0,0.0
1050,-1_1,97.0,4119.585429571374
1050,0_2,546.0,13123.611111111111
1050,6_2,0.0,11465.069265899581
1050,8_1,0.0,0.0
1050,-1_2,0.0,29672.126586108774
1050,-2_2,0.0,0.0
1050,-7_1,1250.0,15744.03752750211
1050,-7_0,377.0,20297.231017152397
1050,-9_0,1908.0,52374.6531198102
1050,0_1,1507.0,39370.83333333333
1050,9_2,0.0,0.0
1050,-3_1,182.0,15748.333333333334
1050,5_1,0.0,0.0
1050,1_0,0.0,0.0
1050,-6_2,190.0,18373.055555555555
1050,4_2,0.0,0.0
1050,-3_2,0.0,0.0
1050,-4_2,257.0,44698.61913261702
1050,-2_0,787.0,17508.556999078588
1080,2_2,0.0,0.0
1080,-4_0,846.0,26247.222222222223
1080,5_2,0.0,0.0
1080,7_2,0.0,0.0
1080,4_0,0.0,0.0
1080,-1_0,278.0,5249.444444444444
1080,3_0,165.0,34072.44196964299
1080,-5_1,629.0,10498.888888888889
1080,-9_2,203.0,13123.611111111111
1080,1_2,0.0,0.0
1080,-7_2,656.0,18373.055555555555
1080,-8_1,84.0,9194.309208415627
1080,-2_1,545.0,10498.888888888889
1080,6_1,0.0,0.0
1080,8_2,0.0,0.0
1080,0_0,0.0,13489.11033754861
1080,4_1,0.0,0.0
1080,6_0,0.0,0.0
1080,9_1,0.0,3092.469210742829
1080,-3_0,720.0,18373.055555555555
1080,-0_0,0.0,0.0
1080,2_1,0.0,0.0
1080,-6_0,1213.0,44707.006161080404
1080,1_1,0.0,0.0
1080,-5_0,27.0,7874.166666666666
1080,7_1,0.0,0.0
1080,2_0,0.0,0.0
1080,5_0,0.0,0.0
1080,-6_1,1282.0,40731.28273473822
1080,-8_0,153.0,7873.979389002274
1080,-0_2,0.0,0.0
1080,3_1,205.0,43928.89036815326
1080,-5_2,0.0,7951.353780666149
1080,-4_1,890.0,24782.739828541457
1080,-9_1,2600.0,47244.82209562364
1080,9_0,0.0,3459.6550696095173
1080,-0_1,0.0,0.0
1080,3_2,395.0,39093.382025418025
1080,8_0,0.0,0.0
1080,-8_2,596.0,34121.38888888889
1080,7_0,0.0,0.0
1080,-1_1,170.0,7874.166666666666
1080,0_2,696.0,13123.611111111111
1080,6_2,152.0,15748.333333333334
1080,8_1,0.0,0.0
1080,-1_2,239.0,41990.29976179299
1080,-2_2,29.0,2624.722222222222
1080,-7_1,1430.0,15748.333333333334
1080,-7_0,574.0,18373.055555555555
1080,-9_0,2412.0,44620.27777777777
1080,0_1,0.0,5511.73656669211
1080,9_2,0.0,0.0
1080,-3_1,370.0,20793.896782825588
1080,5_1,0.0,0.0
1080,1_0,0.0,0.0
1080,-6_2,400.0,18373.055555555555
1080,4_2,0.0,0.0
1080,-3_2,14.0,20797.405196082214
1080,-4_2,731.0,41995.55555555555
1080,-2_0,919.0,16358.915160661287
1110,2_2,0.0,13728.624241922664
1110,-4_0,1116.0,23622.5
1110,5_2,0.0,0.0
1110,7_2,0.0,0.0
1110,4_0,0.0,0.0
1110,-1_0,338.0,5249.444444444444
1110,3_0,0.0,11196.594030165485
1110,-5_1,749.0,10498.888888888889
1110,-9_2,353.0,13123.611111111111
1110,1_2,0.0,0.0
1110,-7_2,866.0,18373.055555555555
1110,-8_1,144.0,8474.263542630217
1110,-2_1,685.0,13123.611111111111
1110,6_1,4.0,15749.369102708164
1110,8_2,0.0,0.0
1110,0_0,79.0,10498.871536664728
1110,4_1,0.0,0.0
1110,6_0,29.0,5143.207448951682
1110,9_1,0.0,0.0
1110,-3_0,945.0,20997.777777777777
1110,-0_0,0.0,0.0
1110,2_1,0.0,0.0
1110,-6_0,1666.0,44620.27777777777
1110,1_1,0.0,0.0
1110,-5_0,117.0,7874.166666666666
1110,7_1,0.0,0.0
1110,2_0,0.0,0.0
1110,5_0,0.0,0.0
1110,-6_1,1712.0,39370.83333333333
1110,-8_0,243.0,15613.908886480915
1110,-0_2,0.0,0.0
1110,3_1,0.0,13433.26082401117
1110,-5_2,129.0,25032.25795374349
1110,-4_1,1130.0,20997.777777777777
1110,-9_1,82.0,41635.63096847137
1110,9_0,0.0,0.0
1110,-0_1,0.0,0.0
1110,3_2,861.0,47203.07266143203
1110,8_0,0.0,5154.950569668975
1110,-8_2,1026.0,47243.87190388521
1110,7_0,0.0,0.0
1110,-1_1,260.0,7874.166666666666
1110,0_2,846.0,13123.611111111111
1110,6_2,371.0,31495.177491189093
1110,8_1,0.0,0.0
1110,-1_2,732.0,47201.22484388526
1110,-2_2,66.0,5249.444444444444
1110,-7_1,0.0,0.0
1110,-7_0,0.0,2742.7128777485
1110,-9_0,179.0,41969.88904577167
1110,0_1,88.0,10498.888888888889
1110,9_2,0.0,0.0
1110,-3_1,609.0,20997.777777777777
1110,5_1,0.0,0.0
1110,1_0,0.0,0.0
1110,-6_2,665.0,36206.35080040528
1110,4_2,0.0,0.0
1110,-3_2,0.0,1924.8942935577338
1110,-4_2,1257.0,57776.05489452441
1110,-2_0,1081.0,15748.333333333334
1140,2_2,0.0,0.0
1140,-4_0,1386.0,23622.5
1140,5_2,0.0,0.0
1140,7_2,0.0,16478.260201622958
1140,4_0,0.0,0.0
1140,-1_0,398.0,5249.444444444444
1140,3_0,103.0,19304.30021125055
1140,-5_1,69.0,7874.166666666666
1140,-9_2,503.0,16068.42388064842
1140,1_2,0.0,0.0
1140,-7_2,1076.0,18373.055555555555
1140,-8_1,221.0,7874.166666666666
1140,-2_1,846.0,15748.333333333334
1140,6_1,85.0,14499.362778122773
1140,8_2,0.0,0.0
1140,0_0,199.0,26130.644574037662
1140,4_1,0.0,0.0
1140,6_0,214.0,20997.777777777777
1140,9_1,0.0,0.0
1140,-3_0,0.0,0.0
1140,-0_0,0.0,0.0
1140,2_1,0.0,0.0
1140,-6_0,2146.0,47168.00852252893
1140,1_1,0.0,0.0
1140,-5_0,230.0,10498.888888888889
1140,7_1,0.0,0.0
1140,2_0,0.0,0.0
1140,5_0,0.0,0.0
1140,-6_1,2175.0,41995.55555555555
1140,-8_0,333.0,10104.79844680014
1140,-0_2,0.0,0.0
1140,3_1,131.0,15748.333333333334
1140,-5_2,400.0,28799.459782374164
1140,-4_1,1370.0,20997.777777777777
1140,-9_1,574.0,47244.999999999985
1140,9_0,0.0,0.0
1140,-0_1,0.0,4504.230183367013
1140,3_2,0.0,8940.480257364443
1140,8_0,0.0,0.0
1140,-8_2,1621.0,55119.16666666664
1140,7_0,0.0,0.0
1140,-1_1,350.0,7874.166666666666
1140,0_2,1003.0,15748.333333333334
1140,6_2,0.0,8513.23642310364
1140,8_1,0.0,0.0
1140,-1_2,1301.0,49869.722222222204
1140,-2_2,126.0,5249.444444444444
1140,-7_1,0.0,0.0
1140,-7_0,26.0,2624.722222222222
1140,-9_0,506.0,51454.20802908426
1140,0_1,208.0,14714.149299248504
1140,9_2,0.0,0.0
1140,-3_1,0.0,0.0
1140,5_1,0.0,0.0
1140,1_0,0.0,2337.0117072222224
1140,-6_2,1038.0,34121.38888888889
1140,4_2,0.0,21924.28007483784
1140,-3_2,19.0,8334.150526145608
1140,-4_2,1883.0,57738.20986829479
1140,-2_0,960.0,13123.611111111111
1170,2_2,0.0,0.0
1170,-4_0,1656.0,23622.5
1170,5_2,0.0,0.0
1170,7_2,0.0,0.0
1170,4_0,0.0,0.0
1170,-1_0,16.0,5249.444444444444
1170,3_0,318.0,23620.88012097709
1170,-5_1,159.0,7874.166666666666
1170,-9_2,679.0,15748.333333333334
1170,1_2,0.0,0.0
1170,-7_2,1317.0,23622.5
1170,-8_1,311.0,7874.166666666666
1170,-2_1,1026.0,15748.333333333334
1170,6_1,0.0,0.0
1170,8_2,0.0,0.0
1170,0_0,364.0,19271.431666163862
1170,4_1,0.0,0.0
1170,6_0,0.0,0.0
1170,9_1,0.0,3279.390451160035
1170,-3_0,9.0,12704.655866407842
1170,-0_0,0.0,0.0
1170,2_1,0.0,0.0
1170,-6_0,0.0,6686.3673396632485
1170,1_1,0.0,0.0
1170,-5_0,350.0,10498.888888888889
1170,7_1,0.0,0.0
1170,2_0,0.0,0.0
1170,5_0,0.0,0.0
1170,-6_1,0.0,18849.47598052382
1170,-8_0,445.0,13117.089651359001
1170,-0_2,0.0,0.0
1170,3_1,384.0,30973.90967532365
1170,-5_2,754.0,40265.811724855426
1170,-4_1,1610.0,28061.942575880294
1170,-9_1,1114.0,49806.345586582116
1170,9_0,0.0,5462.849893431273
1170,-0_1,0.0,0.0
1170,3_2,125.0,24160.979496948083
1170,8_0,0.0,0.0
1170,-8_2,2258.0,57743.88888888886
1170,7_0,0.0,0.0
1170,-1_1,217.0,14294.646298014595
1170,0_2,135.0,23716.344333941943
1170,6_2,0.0,2603.26580433303
1170,8_1,0.0,0.0
1170,-1_2,0.0,29332.90536281543
1170,-2_2,193.0,7874.166666666666
1170,-7_1,0.0,0.0
1170,-7_0,56.0,2624.722222222222
1170,-9_0,1071.0,49869.722222222204
1170,0_1,364.0,15748.333333333334
1170,9_2,0.0,0.0
1170,-3_1,0.0,15983.400347071241
1170,5_1,0.0,0.0
1170,1_0,0.0,0.0
1170,-6_2,844.0,30734.715570711338
1170,4_2,0.0,0.0
1170,-3_2,87.0,16257.840281715911
1170,-4_2,2555.0,60368.61111111108
1170,-2_0,120.0,15748.333333333334
1200,2_2,0.0,9460.696391392314
1200,-4_0,1926.0,23622.5
1200,5_2,0.0,0.0
1200,7_2,0.0,0.0
1200,4_0,0.0,0.0
1200,-1_0,58.0,5249.444444444444
1200,3_0,631.0,31496.666666666668
1200,-5_1,249.0,7874.166666666666
1200,-9_2,883.0,18373.055555555555
1200,1_2,0.0,0.0
1200,-7_2,1587.0,23622.5
1200,-8_1,432.0,27342.192757512592
1200,-2_1,78.0,13123.611111111111
1200,6_1,0.0,0.0
1200,8_2,0.0,0.0
1200,0_0,544.0,25532.743384256457
1200,4_1,0.0,0.0
1200,6_0,10.0,2624.722222222222
1200,9_1,0.0,0.0
1200,-3_0,101.0,10498.888888888889
1200,-0_0,0.0,0.0
1200,2_1,0.0,0.0
1200,-6_0,123.0,34658.99056935786
1200,1_1,0.0,0.0
1200,-5_0,470.0,13123.611111111111
1200,7_1,0.0,0.0
1200,2_0,0.0,0.0
1200,5_0,0.0,0.0
1200,-6_1,122.0,34163.45450693145
1200,-8_0,595.0,13123.611111111111
1200,-0_2,0.0,0.0
1200,3_1,705.0,31769.904541402237
1200,-5_2,1169.0,36746.11111111111
1200,-4_1,1852.0,23620.751844962153
1200,-9_1,0.0,22820.353940177345
1200,9_0,0.0,0.0
1200,-0_1,0.0,0.0
1200,3_2,446.0,31496.666666666668
1200,8_0,0.0,0.0
1200,-8_2,2949.0,62993.3333333333
1200,7_0,0.0,0.0
1200,-1_1,268.0,8248.285773532896
1200,0_2,365.0,20997.777777777777
1200,6_2,35.0,13801.152566014694
1200,8_1,0.0,0.0
1200,-1_2,210.0,34120.93607037803
1200,-2_2,283.0,7874.166666666666
1200,-7_1,0.0,0.0
1200,-7_0,86.0,4426.1275674956805
1200,-9_0,0.0,27079.727018636957
1200,0_1,561.0,18373.055555555555
1200,9_2,0.0,0.0
1200,-3_1,46.0,7873.653085019219
1200,5_1,0.0,0.0
1200,1_0,0.0,0.0
1200,-6_2,594.0,45950.81140639994
1200,4_2,0.0,0.0
1200,-3_2,0.0,0.0
1200,-4_2,0.0,29484.509641745542
1200,-2_0,300.0,26257.920961764456
1230,2_2,0.0,0.0
1230,-4_0,2196.0,23622.5
1230,5_2,0.0,14206.202465215756
1230,7_2,0.0,0.0
1230,4_0,0.0,0.0
1230,-1_0,118.0,5249.444444444444
1230,3_0,991.0,31496.666666666668
1230,-5_1,339.0,7874.166666666666
1230,-9_2,1093.0,18373.055555555555
1230,1_2,0.0,12475.936956183714
1230,-7_2,0.0,0.0
1230,-8_1,642.0,20997.777777777777
1230,-2_1,248.0,15748.333333333334
1230,6_1,0.0,0.0
1230,8_2,0.0,0.0
1230,0_0,744.0,18373.055555555555
1230,4_1,0.0,0.0
1230,6_0,40.0,2624.722222222222
1230,9_1,0.0,0.0
1230,-3_0,221.0,10498.888888888889
1230,-0_0,0.0,0.0
1230,2_1,0.0,0.0
1230,-6_0,515.0,41995.55555555555
1230,1_1,0.0,0.0
1230,-5_0,590.0,10498.888888888889
1230,7_1,0.0,0.0
1230,2_0,0.0,0.0
1230,5_0,0.0,0.0
1230,-6_1,220.0,28653.33302524973
1230,-8_0,745.0,13123.611111111111
1230,-0_2,0.0,0.0
1230,3_1,1062.0,31496.666666666668
1230,-5_2,1607.0,39370.83333333333
1230,-4_1,2122.0,23622.5
1230,-9_1,159.0,20997.777777777777
1230,9_0,0.0,0.0
1230,-0_1,0.0,0.0
1230,3_2,806.0,31496.666666666668
1230,8_0,0.0,0.0
1230,-8_2,3669.0,62993.3333333333
1230,7_0,0.0,0.0
1230,-1_1,328.0,5249.444444444444
1230,0_2,0.0,0.0
1230,6_2,150.0,10498.888888888889
1230,8_1,0.0,0.0
1230,-1_2,619.0,36746.11111111111
1230,-2_2,373.0,7874.166666666666
1230,-7_1,23.0,2624.722222222222
1230,-7_0,116.0,2624.722222222222
1230,-9_0,177.0,20997.764425095855
1230,0_1,771.0,18373.055555555555
1230,9_2,0.0,4696.649282365943
1230,-3_1,136.0,7874.166666666666
1230,5_1,0.0,0.0
1230,1_0,0.0,0.0
1230,-6_2,0.0,24431.807775343314
1230,4_2,0.0,0.0
1230,-3_2,0.0,0.0
1230,-4_2,225.0,36745.94528518322
1230,-2_0,480.0,15748.333333333334
1260,2_2,0.0,0.0
1260,-4_0,1864.0,21502.63303880762
1260,5_2,0.0,0.0
1260,7_2,0.0,0.0
1260,4_0,0.0,0.0
1260,-1_0,106.0,2624.722222222222
1260,3_0,1351.0,31496.666666666668
1260,-5_1,429.0,7874.166666666666
1260,-9_2,1303.0,18373.055555555555
1260,1_2,0.0,0.0
1260,-7_2,0.0,0.0
1260,-8_1,672.0,13109.532948622324
1260,-2_1,0.0,0.0
1260,6_1,0.0,0.0
1260,8_2,0.0,0.0
1260,0_0,954.0,18373.055555555555
1260,4_1,0.0,0.0
1260,6_0,70.0,2624.722222222222
1260,9_1,0.0,0.0
1260,-3_0,341.0,10498.888888888889
1260,-0_0,0.0,0.0
1260,2_1,0.0,0.0
1260,-6_0,960.0,41995.55555555555
1260,1_1,0.0,0.0
1260,-5_0,710.0,10498.888888888889
1260,7_1,0.0,0.0
1260,2_0,0.0,2386.601284680937
1260,5_0,0.0,3016.96355829943
1260,-6_1,581.0,46403.25111803164
1260,-8_0,895.0,13123.611111111111
1260,-0_2,0.0,0.0
1260,3_1,1422.0,31496.666666666668
1260,-5_2,0.0,4138.095016371677
1260,-4_1,582.0,20587.88761514796
1260,-9_1,399.0,20997.777777777777
1260,9_0,0.0,0.0
1260,-0_1,0.0,0.0
1260,3_2,1166.0,31496.666666666668
1260,8_0,0.0,0.0
1260,-8_2,7.0,38802.75059060444
1260,7_0,0.0,0.0
1260,-1_1,83.0,5249.444444444444
1260,0_2,0.0,0.0
1260,6_2,270.0,10498.888888888889
1260,8_1,0.0,0.0
1260,-1_2,1039.0,36746.11111111111
1260,-2_2,463.0,7874.166666666666
1260,-7_1,53.0,2624.722222222222
1260,-7_0,146.0,2624.722222222222
1260,-9_0,417.0,20997.777777777777
1260,0_1,981.0,18373.055555555555
1260,9_2,0.0,0.0
1260,-3_1,226.0,14601.184285367457
1260,5_1,0.0,0.0
1260,1_0,0.0,0.0
1260,-6_2,220.0,28871.944444444445
1260,4_2,0.0,0.0
1260,-3_2,14.0,27756.27387128595
1260,-4_2,645.0,36746.11111111111
1260,-2_0,0.0,0.0
1290,2_2,0.0,15737.346734856537
1290,-4_0,163.0,20997.777777777777
1290,5_2,0.0,0.0
1290,7_2,0.0,0.0
1290,4_0,0.0,0.0
1290,-1_0,136.0,2624.722222222222
1290,3_0,1711.0,31496.666666666668
1290,-5_1,519.0,7874.166666666666
1290,-9_2,0.0,0.0
1290,1_2,0.0,0.0
1290,-7_2,0.0,0.0
1290,-8_1,791.0,10498.888888888889
1290,-2_1,0.0,0.0
1290,6_1,0.0,0.0
1290,8_2,0.0,3561.790975010285
1290,0_0,1164.0,18373.055555555555
1290,4_1,0.0,0.0
1290,6_0,100.0,2624.722222222222
1290,9_1,0.0,0.0
1290,-3_0,510.0,28102.407078413748
1290,-0_0,0.0,0.0
1290,2_1,0.0,0.0
1290,-6_0,0.0,1691.891001387123
1290,1_1,0.0,0.0
1290,-5_0,830.0,10498.888888888889
1290,7_1,0.0,0.0
1290,2_0,0.0,0.0
1290,5_0,0.0,0.0
1290,-6_1,0.0,8158.486520118949
1290,-8_0,1045.0,13123.611111111111
1290,-0_2,0.0,0.0
1290,3_1,1782.0,31496.666666666668
1290,-5_2,27.0,2624.722222222222
1290,-4_1,198.0,20997.777777777777
1290,-9_1,639.0,20997.777777777777
1290,9_0,0.0,0.0
1290,-0_1,0.0,0.0
1290,3_2,1526.0,31496.666666666668
1290,8_0,0.0,0.0
1290,-8_2,95.0,40418.010657483
1290,7_0,0.0,0.0
1290,-1_1,143.0,5249.444444444444
1290,0_2,0.0,0.0
1290,6_2,390.0,10498.888888888889
1290,8_1,0.0,0.0
1290,-1_2,1459.0,36746.11111111111
1290,-2_2,553.0,7874.166666666666
1290,-7_1,83.0,2624.722222222222
1290,-7_0,176.0,2624.722222222222
1290,-9_0,657.0,20997.777777777777
1290,0_1,1191.0,18373.055555555555
1290,9_2,0.0,0.0
1290,-3_1,392.0,23719.035121406894
1290,5_1,0.0,0.0
1290,1_0,0.0,0.0
1290,-6_2,597.0,34121.38888888889
1290,4_2,0.0,0.0
1290,-3_2,0.0,4297.577497619149
1290,-4_2,1065.0,36746.11111111111
1290,-2_0,0.0,0.0
1320,2_2,0.0,0.0
1320,-4_0,403.0,20997.777777777777
1320,5_2,0.0,10335.098744496918
1320,7_2,0.0,0.0
1320,4_0,0.0,0.0
1320,-1_0,166.0,2624.722222222222
1320,3_0,2071.0,31496.666666666668
1320,-5_1,609.0,7874.166666666666
1320,-9_2,0.0,0.0
1320,1_2,0.0,0.0
1320,-7_2,0.0,0.0
1320,-8_1,0.0,0.0
1320,-2_1,0.0,0.0
1320,6_1,0.0,0.0
1320,8_2,0.0,0.0
1320,0_0,1374.0,18373.055555555555
1320,4_1,0.0,0.0
1320,6_0,130.0,2624.722222222222
1320,9_1,0.0,0.0
1320,-3_0,0.0,0.0
1320,-0_0,0.0,7933.158927902625
1320,2_1,0.0,0.0
1320,-6_0,96.0,13123.611111111111
1320,1_1,0.0,0.0
1320,-5_0,950.0,10498.888888888889
1320,7_1,0.0,0.0
1320,2_0,0.0,0.0
1320,5_0,0.0,0.0
1320,-6_1,93.0,10498.888888888889
1320,-8_0,0.0,0.0
1320,-0_2,0.0,0.0
1320,3_1,2142.0,31496.666666666668
1320,-5_2,57.0,2624.722222222222
1320,-4_1,438.0,20997.777777777777
1320,-9_1,879.0,20997.777777777777
1320,9_0,0.0,0.0
1320,-0_1,0.0,15423.162917161675
1320,3_2,1886.0,31496.666666666668
1320,8_0,0.0,0.0
1320,-8_2,609.0,49869.722222222204
1320,7_0,0.0,0.0
1320,-1_1,203.0,5249.444444444444
1320,0_2,0.0,0.0
1320,6_2,510.0,10498.888888888889
1320,8_1,0.0,0.0
1320,-1_2,1879.0,36746.11111111111
1320,-2_2,643.0,7874.166666666666
1320,-7_1,113.0,2624.722222222222
1320,-7_0,206.0,2624.722222222222
1320,-9_0,897.0,20997.777777777777
1320,0_1,1401.0,18373.055555555555
1320,9_2,0.0,0.0
1320,-3_1,0.0,10628.957263305365
1320,5_1,0.0,0.0
1320,1_0,0.0,0.0
1320,-6_2,0.0,0.0
1320,4_2,0.0,0.0
1320,-3_2,116.0,15739.235273531374
1320,-4_2,1485.0,36746.11111111111
1320,-2_0,0.0,0.0
1350,2_2,0.0,0.0
1350,-4_0,643.0,20997.777777777777
1350,5_2,0.0,0.0
1350,7_2,0.0,0.0
1350,4_0,0.0,0.0
1350,-1_0,196.0,2624.722222222222
1350,3_0,0.0,0.0
1350,-5_1,699.0,7874.166666666666
1350,-9_2,0.0,0.0
1350,1_2,0.0,0.0
1350,-7_2,0.0,0.0
1350,-8_1,0.0,0.0
1350,-2_1,0.0,0.0
1350,6_1,8.0,2624.722222222222
1350,8_2,0.0,0.0
1350,0_0,1584.0,18373.055555555555
1350,4_1,0.0,0.0
1350,6_0,169.0,12829.18280597858
1350,9_1,0.0,0.0
1350,-3_0,0.0,0.0
1350,-0_0,0.0,0.0
1350,2_1,0.0,0.0
1350,-6_0,250.0,15748.333333333334
1350,1_1,0.0,0.0
1350,-5_0,1070.0,10498.888888888889
1350,7_1,0.0,0.0
1350,2_0,0.0,0.0
1350,5_0,0.0,0.0
1350,-6_1,235.0,26728.764468364825
1350,-8_0,0.0,0.0
1350,-0_2,0.0,0.0
1350,3_1,0.0,7218.135236115676
1350,-5_2,87.0,2624.722222222222
1350,-4_1,678.0,20997.777777777777
1350,-9_1,1119.0,20997.777777777777
1350,9_0,0.0,0.0
1350,-0_1,0.0,0.0
1350,3_2,1019.0,24490.61126672432
1350,8_0,0.0,0.0
1350,-8_2,0.0,6340.061263775153
1350,7_0,0.0,0.0
1350,-1_1,263.0,5249.444444444444
1350,0_2,0.0,0.0
1350,6_2,654.0,29339.184413585743
1350,8_1,0.0,0.0
1350,-1_2,2299.0,36746.11111111111
1350,-2_2,733.0,7874.166666666666
1350,-7_1,143.0,2624.722222222222
1350,-7_0,236.0,2624.722222222222
1350,-9_0,1137.0,20997.777777777777
1350,0_1,1611.0,18373.055555555555
1350,9_2,0.0,0.0
1350,-3_1,0.0,0.0
1350,5_1,0.0,0.0
1350,1_0,0.0,0.0
1350,-6_2,1.0,12322.70638163579
1350,4_2,0.0,0.0
1350,-3_2,0.0,0.0
1350,-4_2,1905.0,36746.11111111111
1350,-2_0,0.0,0.0
1380,2_2,0.0,0.0
1380,-4_0,883.0,20997.777777777777
1380,5_2,0.0,0.0
1380,7_2,0.0,22142.6661674624
1380,4_0,0.0,0.0
1380,-1_0,226.0,2624.722222222222
1380,3_0,19.0,7874.166666666666
1380,-5_1,789.0,7874.166666666666
1380,-9_2,0.0,0.0
1380,1_2,0.0,0.0
1380,-7_2,0.0,0.0
1380,-8_1,0.0,0.0
1380,-2_1,0.0,0.0
1380,6_1,130.0,13123.611111111111
1380,8_2,0.0,0.0
1380,0_0,0.0,0.0
1380,4_1,0.0,0.0
1380,6_0,330.0,15748.333333333334
1380,9_1,0.0,0.0
1380,-3_0,0.0,0.0
1380,-0_0,0.0,0.0
1380,2_1,0.0,0.0
1380,-6_0,0.0,0.0
1380,1_1,0.0,0.0
1380,-5_0,11.0,7873.071297776922
1380,7_1,0.0,0.0
1380,2_0,0.0,0.0
1380,5_0,0.0,0.0
1380,-6_1,0.0,0.0
1380,-8_0,0.0,0.0
1380,-0_2,0.0,0.0
1380,3_1,23.0,15681.502706326986
1380,-5_2,117.0,2624.722222222222
1380,-4_1,918.0,20997.777777777777
1380,-9_1,1359.0,20997.777777777777
1380,9_0,0.0,0.0
1380,-0_1,0.0,0.0
1380,3_2,1293.0,31496.346529228336
1380,8_0,0.0,0.0
1380,-8_2,115.0,13123.611111111111
1380,7_0,0.0,0.0
1380,-1_1,323.0,5249.444444444444
1380,0_2,0.0,0.0
1380,6_2,0.0,0.0
1380,8_1,0.0,0.0
1380,-1_2,2719.0,36746.11111111111
1380,-2_2,42.0,5249.444444444444
1380,-7_1,173.0,2624.722222222222
1380,-7_0,266.0,2624.722222222222
1380,-9_0,1377.0,20997.777777777777
1380,0_1,0.0,0.0
1380,9_2,0.0,0.0
1380,-3_1,9.0,8418.943128751851
1380,5_1,0.0,0.0
1380,1_0,0.0,0.0
1380,-6_2,66.0,7874.166666666666
1380,4_2,0.0,0.0
1380,-3_2,14.0,35160.01179276707
1380,-4_2,2325.0,36746.11111111111
1380,-2_0,0.0,0.0
1410,2_2,0.0,12704.1594075233
1410,-4_0,1123.0,20997.777777777777
1410,5_2,0.0,0.0
1410,7_2,0.0,0.0
1410,4_0,0.0,0.0
1410,-1_0,256.0,2624.722222222222
1410,3_0,159.0,13123.611111111111
1410,-5_1,879.0,7874.166666666666
1410,-9_2,0.0,0.0
1410,1_2,0.0,0.0
1410,-7_2,0.0,0.0
1410,-8_1,0.0,0.0
1410,-2_1,0.0,0.0
1410,6_1,293.0,18372.997456771962
1410,8_2,0.0,0.0
1410,0_0,0.0,0.0
1410,4_1,0.0,0.0
1410,6_0,510.0,19482.771781078365
1410,9_1,0.0,0.0
1410,-3_0,57.0,5249.444444444444
1410,-0_0,0.0,0.0
1410,2_1,0.0,0.0
1410,-6_0,5.0,7824.276764967289
1410,1_1,0.0,0.0
1410,-5_0,101.0,7874.166666666666
1410,7_1,0.0,0.0
1410,2_0,0.0,0.0
1410,5_0,0.0,0.0
1410,-6_1,15.0,10476.650046650806
1410,-8_0,0.0,0.0
1410,-0_2,0.0,0.0
1410,3_1,195.0,15748.333333333334
1410,-5_2,147.0,2624.722222222222
1410,-4_1,1158.0,20997.777777777777
1410,-9_1,0.0,0.0
1410,9_0,0.0,0.0
1410,-0_1,0.0,0.0
1410,3_2,1653.0,31496.666666666668
1410,8_0,0.0,0.0
1410,-8_2,265.0,13123.611111111111
1410,7_0,0.0,0.0
1410,-1_1,383.0,5249.444444444444
1410,0_2,0.0,0.0
1410,6_2,0.0,24887.179600352032
1410,8_1,0.0,0.0
1410,-1_2,3139.0,36746.11111111111
1410,-2_2,102.0,5249.444444444444
1410,-7_1,203.0,2624.722222222222
1410,-7_0,296.0,2624.722222222222
1410,-9_0,0.0,0.0
1410,0_1,0.0,0.0
1410,9_2,0.0,0.0
1410,-3_1,39.0,2624.722222222222
1410,5_1,0.0,0.0
1410,1_0,0.0,0.0
1410,-6_2,171.0,13123.611111111111
1410,4_2,0.0,0.0
1410,-3_2,0.0,0.0
1410,-4_2,0.0,0.0
1410,-2_0,0.0,0.0
1440,2_2,0.0,0.0
1440,-4_0,1363.0,20997.777777777777
1440,5_2,0.0,0.0
1440,7_2,0.0,0.0
1440,4_0,0.0,0.0
1440,-1_0,286.0,2624.722222222222
1440,3_0,309.0,13123.611111111111
1440,-5_1,36.0,5249.444444444444
1440,-9_2,0.0,0.0
1440,1_2,0.0,0.0
1440,-7_2,0.0,0.0
1440,-8_1,0.0,0.0
1440,-2_1,0.0,0.0
1440,6_1,0.0,0.0
1440,8_2,0.0,0.0
1440,0_0,0.0,0.0
1440,4_1,0.0,0.0
1440,6_0,0.0,0.0
1440,9_1,0.0,5411.0431767024675
1440,-3_0,0.0,0.0
1440,-0_0,0.0,0.0
1440,2_1,0.0,0.0
1440,-6_0,178.0,15748.333333333334
1440,1_1,0.0,0.0
1440,-5_0,191.0,7874.166666666666
1440,7_1,0.0,0.0
1440,2_0,0.0,0.0
1440,5_0,0.0,0.0
1440,-6_1,162.0,13123.611111111111
1440,-8_0,0.0,0.0
1440,-0_2,0.0,0.0
1440,3_1,375.0,15748.333333333334
1440,-5_2,177.0,2624.722222222222
1440,-4_1,1398.0,20997.777777777777
1440,-9_1,0.0,0.0
1440,9_0,0.0,5247.251230241656
1440,-0_1,0.0,0.0
1440,3_2,0.0,0.0
1440,8_0,0.0,0.0
1440,-8_2,415.0,13123.611111111111
1440,7_0,0.0,0.0
1440,-1_1,443.0,5249.444444444444
1440,0_2,0.0,0.0
1440,6_2,90.0,13123.611111111111
1440,8_1,0.0,0.0
1440,-1_2,3559.0,36746.11111111111
1440,-2_2,162.0,5249.444444444444
1440,-7_1,0.0,0.0
1440,-7_0,233.0,2624.722222222222
1440,-9_0,0.0,0.0
1440,0_1,0.0,0.0
1440,9_2,0.0,0.0
1440,-3_1,0.0,0.0
1440,5_1,0.0,0.0
1440,1_0,0.0,0.0
1440,-6_2,373.0,18373.055555555555
1440,4_2,0.0,29544.561548007765
1440,-3_2,0.0,0.0
1440,-4_2,0.0,0.0
1440,-2_0,0.0,0.0
1470,2_2,0.0,0.0
1470,-4_0,0.0,0.0
1470,5_2,0.0,0.0
1470,7_2,0.0,0.0
1470,4_0,0.0,0.0
1470,-1_0,212.0,2624.722222222222
1470,3_0,471.0,18372.837882665237
1470,-5_1,96.0,5249.444444444444
1470,-9_2,0.0,0.0
1470,1_2,0.0,0.0
1470,-7_2,0.0,0.0
1470,-8_1,0.0,0.0
1470,-2_1,0.0,0.0
1470,6_1,0.0,0.0
1470,8_2,0.0,0.0
1470,0_0,0.0,0.0
1470,4_1,0.0,0.0
1470,6_0,0.0,0.0
1470,9_1,0.0,0.0
1470,-3_0,0.0,0.0
1470,-0_0,0.0,0.0
1470,2_1,0.0,0.0
1470,-6_0,358.0,15748.333333333334
1470,1_1,0.0,0.0
1470,-5_0,281.0,7874.166666666666
1470,7_1,0.0,0.0
1470,2_0,0.0,1578.4862784792313
1470,5_0,0.0,18702.216061200157
1470,-6_1,312.0,13123.611111111111
1470,-8_0,0.0,0.0
1470,-0_2,0.0,0.0
1470,3_1,571.0,31763.514603856423
1470,-5_2,207.0,2624.722222222222
1470,-4_1,0.0,0.0
1470,-9_1,0.0,0.0
1470,9_0,0.0,0.0
1470,-0_1,0.0,0.0
1470,3_2,0.0,0.0
1470,8_0,0.0,0.0
1470,-8_2,565.0,13123.611111111111
1470,7_0,0.0,0.0
1470,-1_1,0.0,0.0
1470,0_2,0.0,0.0
1470,6_2,0.0,0.0
1470,8_1,0.0,0.0
1470,-1_2,0.0,0.0
1470,-2_2,222.0,5249.444444444444
1470,-7_1,0.0,0.0
1470,-7_0,263.0,2624.722222222222
1470,-9_0,0.0,0.0
1470,0_1,0.0,0.0
1470,9_2,0.0,0.0
1470,-3_1,0.0,0.0
1470,5_1,0.0,3781.182984072376
1470,1_0,0.0,0.0
1470,-6_2,583.0,18373.055555555555
1470,4_2,0.0,0.0
1470,-3_2,0.0,0.0
1470,-4_2,0.0,0.0
1470,-2_0,0.0,0.0
1500,2_2,0.0,0.0
1500,-4_0,0.0,0.0
1500,5_2,0.0,0.0
1500,7_2,0.0,0.0
1500,4_0,0.0,0.0
1500,-1_0,242.0,2624.722222222222
1500,3_0,0.0,0.0
1500,-5_1,156.0,5249.444444444444
1500,-9_2,0.0,0.0
1500,1_2,0.0,0.0
1500,-7_2,0.0,0.0
1500,-8_1,0.0,0.0
1500,-2_1,0.0,0.0
1500,6_1,4.0,7522.742140170851
1500,8_2,0.0,0.0
1500,0_0,0.0,0.0
1500,4_1,0.0,0.0
1500,6_0,18.0,14393.428982197951
1500,9_1,0.0,0.0
1500,-3_0,0.0,0.0
1500,-0_0,0.0,0.0
1500,2_1,0.0,0.0
1500,-6_0,538.0,15748.333333333334
1500,1_1,0.0,0.0
1500,-5_0,371.0,7874.166666666666
1500,7_1,0.0,0.0
1500,2_0,0.0,0.0
1500,5_0,0.0,0.0
1500,-6_1,462.0,13123.611111111111
1500,-8_0,0.0,0.0
1500,-0_2,0.0,0.0
1500,3_1,0.0,0.0
1500,-5_2,237.0,2624.722222222222
1500,-4_1,0.0,0.0
1500,-9_1,0.0,0.0
1500,9_0,0.0,0.0
1500,-0_1,0.0,0.0
1500,3_2,26.0,2624.722222222222
1500,8_0,0.0,0.0
1500,-8_2,715.0,13123.611111111111
1500,7_0,0.0,0.0
1500,-1_1,0.0,0.0
1500,0_2,0.0,0.0
1500,6_2,22.0,15461.856784362173
1500,8_1,0.0,0.0
1500,-1_2,26.0,2624.722222222222
1500,-2_2,0.0,0.0
1500,-7_1,0.0,0.0
1500,-7_0,0.0,0.0
1500,-9_0,0.0,0.0
1500,0_1,0.0,0.0
1500,9_2,0.0,0.0
1500,-3_1,0.0,0.0
1500,5_1,0.0,0.0
1500,1_0,0.0,0.0
1500,-6_2,793.0,18373.055555555555
1500,4_2,0.0,0.0
1500,-3_2,0.0,0.0
1500,-4_2,0.0,0.0
1500,-2_0,0.0,0.0
1530,2_2,0.0,0.0
1530,-4_0,0.0,0.0
1530,5_2,0.0,2452.221731110104
1530,7_2,0.0,10606.301904550495
1530,4_0,0.0,0.0
1530,-1_0,0.0,0.0
1530,3_0,0.0,0.0
1530,-5_1,216.0,5249.444444444444
1530,-9_2,0.0,0.0
1530,1_2,0.0,0.0
1530,-7_2,0.0,0.0
1530,-8_1,0.0,0.0
1530,-2_1,0.0,0.0
1530,6_1,33.0,9066.290806707726
1530,8_2,0.0,0.0
1530,0_0,0.0,0.0
1530,4_1,0.0,0.0
1530,6_0,161.0,13123.611111111111
1530,9_1,0.0,0.0
1530,-3_0,0.0,0.0
1530,-0_0,0.0,0.0
1530,2_1,0.0,0.0
1530,-6_0,718.0,15748.333333333334
1530,1_1,0.0,0.0
1530,-5_0,461.0,7874.166666666666
1530,7_1,0.0,0.0
1530,2_0,0.0,0.0
1530,5_0,0.0,0.0
1530,-6_1,612.0,13123.611111111111
1530,-8_0,0.0,0.0
1530,-0_2,0.0,0.0
1530,3_1,0.0,0.0
1530,-5_2,267.0,2624.722222222222
1530,-4_1,0.0,0.0
1530,-9_1,0.0,0.0
1530,9_0,0.0,0.0
1530,-0_1,0.0,0.0
1530,3_2,56.0,2624.722222222222
1530,8_0,0.0,0.0
1530,-8_2,865.0,13123.611111111111
1530,7_0,0.0,0.0
1530,-1_1,0.0,0.0
1530,0_2,0.0,0.0
1530,6_2,0.0,3534.4902135140596
1530,8_1,0.0,0.0
1530,-1_2,56.0,2624.722222222222
1530,-2_2,0.0,0.0
1530,-7_1,0.0,0.0
1530,-7_0,0.0,0.0
1530,-9_0,0.0,0.0
1530,0_1,0.0,0.0
1530,9_2,0.0,0.0
1530,-3_1,0.0,0.0
1530,5_1,0.0,0.0
1530,1_0,0.0,0.0
1530,-6_2,0.0,0.0
1530,4_2,0.0,0.0
1530,-3_2,0.0,0.0
1530,-4_2,0.0,0.0
1530,-2_0,0.0,0.0
1560,2_2,0.0,0.0
1560,-4_0,0.0,0.0
1560,5_2,0.0,0.0
1560,7_2,0.0,0.0
1560,4_0,0.0,0.0
1560,-1_0,0.0,0.0
1560,3_0,0.0,0.0
1560,-5_1,276.0,5249.444444444444
1560,-9_2,0.0,0.0
1560,1_2,0.0,0.0
1560,-7_2,0.0,0.0
1560,-8_1,0.0,0.0
1560,-2_1,0.0,0.0
1560,6_1,0.0,0.0
1560,8_2,0.0,0.0
1560,0_0,0.0,0.0
1560,4_1,0.0,0.0
1560,6_0,0.0,0.0
1560,9_1,0.0,0.0
1560,-3_0,4.0,2624.581239341678
1560,-0_0,0.0,0.0
1560,2_1,0.0,0.0
1560,-6_0,0.0,0.0
1560,1_1,0.0,0.0
1560,-5_0,551.0,7874.166666666666
1560,7_1,0.0,0.0
1560,2_0,0.0,0.0
1560,5_0,0.0,0.0
1560,-6_1,0.0,0.0
1560,-8_0,0.0,0.0
1560,-0_2,0.0,0.0
1560,3_1,0.0,0.0
1560,-5_2,297.0,2624.722222222222
1560,-4_1,0.0,0.0
1560,-9_1,0.0,0.0
1560,9_0,0.0,0.0
1560,-0_1,0.0,0.0
1560,3_2,86.0,2624.722222222222
1560,8_0,0.0,0.0
1560,-8_2,1015.0,13123.611111111111
1560,7_0,0.0,0.0
1560,-1_1,0.0,0.0
1560,0_2,0.0,0.0
1560,6_2,0.0,0.0
1560,8_1,0.0,0.0
1560,-1_2,86.0,2624.722222222222
1560,-2_2,0.0,0.0
1560,-7_1,0.0,0.0
1560,-7_0,0.0,0.0
1560,-9_0,0.0,0.0
1560,0_1,0.0,0.0
1560,9_2,0.0,0.0
1560,-3_1,1.0,2618.127478882433
1560,5_1,0.0,0.0
1560,1_0,0.0,0.0
1560,-6_2,0.0,0.0
1560,4_2,0.0,0.0
1560,-3_2,17.0,7873.864305387751
1560,-4_2,0.0,0.0
1560,-2_0,0.0,0.0
1590,2_2,0.0,4363.023934468694
1590,-4_0,0.0,0.0
1590,5_2,0.0,0.0
1590,7_2,0.0,0.0
1590,4_0,0.0,0.0
1590,-1_0,0.0,0.0
1590,3_0,0.0,0.0
1590,-5_1,0.0,0.0
1590,-9_2,0.0,0.0
1590,1_2,0.0,0.0
1590,-7_2,0.0,0.0
1590,-8_1,0.0,0.0
1590,-2_1,0.0,0.0
1590,6_1,0.0,0.0
1590,8_2,0.0,0.0
1590,0_0,0.0,0.0
1590,4_1,0.0,0.0
1590,6_0,0.0,0.0
1590,9_1,0.0,0.0
1590,-3_0,34.0,2624.722222222222
1590,-0_0,0.0,0.0
1590,2_1,0.0,0.0
1590,-6_0,9.0,2624.722222222222
1590,1_1,0.0,0.0
1590,-5_0,0.0,0.0
1590,7_1,0.0,0.0
1590,2_0,0.0,0.0
1590,5_0,0.0,0.0
1590,-6_1,3.0,2624.625279637855
1590,-8_0,0.0,0.0
1590,-0_2,0.0,0.0
1590,3_1,0.0,0.0
1590,-5_2,0.0,0.0
1590,-4_1,0.0,0.0
1590,-9_1,0.0,0.0
1590,9_0,0.0,0.0
1590,-0_1,0.0,0.0
1590,3_2,116.0,2624.722222222222
1590,8_0,0.0,0.0
1590,-8_2,0.0,0.0
1590,7_0,0.0,0.0
1590,-1_1,0.0,0.0
1590,0_2,0.0,0.0
1590,6_2,0.0,0.0
1590,8_1,0.0,0.0
1590,-1_2,116.0,2624.722222222222
1590,-2_2,0.0,0.0
1590,-7_1,0.0,0.0
1590,-7_0,0.0,0.0
1590,-9_0,0.0,0.0
1590,0_1,0.0,0.0
1590,9_2,0.0,0.0
1590,-3_1,31.0,2624.722222222222
1590,5_1,0.0,0.0
1590,1_0,0.0,0.0
1590,-6_2,2.0,5183.349374162652
1590,4_2,0.0,0.0
1590,-3_2,0.0,0.0
1590,-4_2,0.0,0.0
1590,-2_0,0.0,0.0
1620,2_2,0.0,0.0
1620,-4_0,0.0,0.0
1620,5_2,0.0,0.0
1620,7_2,0.0,0.0
1620,4_0,0.0,0.0
1620,-1_0,0.0,0.0
1620,3_0,0.0,0.0
1620,-5_1,0.0,0.0
1620,-9_2,0.0,0.0
1620,1_2,0.0,0.0
1620,-7_2,0.0,0.0
1620,-8_1,0.0,0.0
1620,-2_1,0.0,0.0
1620,6_1,0.0,0.0
1620,8_2,0.0,0.0
1620,0_0,0.0,0.0
1620,4_1,0.0,0.0
1620,6_0,0.0,0.0
1620,9_1,0.0,0.0
1620,-3_0,0.0,0.0
1620,-0_0,0.0,0.0
1620,2_1,0.0,0.0
1620,-6_0,39.0,2624.722222222222
1620,1_1,0.0,0.0
1620,-5_0,0.0,0.0
1620,7_1,0.0,0.0
1620,2_0,0.0,0.0
1620,5_0,0.0,0.0
1620,-6_1,33.0,2624.722222222222
1620,-8_0,0.0,0.0
1620,-0_2,0.0,0.0
1620,3_1,0.0,0.0
1620,-5_2,0.0,0.0
1620,-4_1,0.0,0.0
1620,-9_1,0.0,0.0
1620,9_0,0.0,0.0
1620,-0_1,0.0,0.0
1620,3_2,146.0,2624.722222222222
1620,8_0,0.0,0.0
1620,-8_2,0.0,0.0
1620,7_0,0.0,0.0
1620,-1_1,0.0,0.0
1620,0_2,0.0,0.0
1620,6_2,0.0,0.0
1620,8_1,0.0,0.0
1620,-1_2,146.0,2624.722222222222
1620,-2_2,0.0,0.0
1620,-7_1,0.0,0.0
1620,-7_0,0.0,0.0
1620,-9_0,0.0,0.0
1620,0_1,0.0,0.0
1620,9_2,0.0,0.0
1620,-3_1,0.0,0.0
1620,5_1,0.0,0.0
1620,1_0,0.0,0.0
1620,-6_2,0.0,0.0
1620,4_2,0.0,0.0
1620,-3_2,0.0,0.0
1620,-4_2,0.0,0.0
1620,-2_0,0.0,0.0
1650,2_2,0.0,0.0
1650,-4_0,0.0,0.0
1650,5_2,0.0,0.0
1650,7_2,0.0,0.0
1650,4_0,0.0,0.0
1650,-1_0,0.0,0.0
1650,3_0,0.0,0.0
1650,-5_1,0.0,0.0
1650,-9_2,0.0,0.0
1650,1_2,0.0,0.0
1650,-7_2,0.0,0.0
1650,-8_1,0.0,0.0
1650,-2_1,0.0,0.0
1650,6_1,0.0,0.0
1650,8_2,0.0,0.0
1650,0_0,0.0,0.0
1650,4_1,0.0,0.0
1650,6_0,0.0,0.0
1650,9_1,0.0,0.0
1650,-3_0,0.0,0.0
1650,-0_0,0.0,0.0
1650,2_1,0.0,0.0
1650,-6_0,0.0,0.0
1650,1_1,0.0,0.0
1650,-5_0,0.0,0.0
1650,7_1,0.0,0.0
1650,2_0,0.0,0.0
1650,5_0,0.0,0.0
1650,-6_1,0.0,0.0
1650,-8_0,0.0,0.0
1650,-0_2,0.0,0.0
1650,3_1,0.0,0.0
1650,-5_2,0.0,0.0
1650,-4_1,0.0,0.0
1650,-9_1,0.0,0.0
1650,9_0,0.0,0.0
1650,-0_1,0.0,0.0
1650,3_2,176.0,2624.722222222222
1650,8_0,0.0,0.0
1650,-8_2,0.0,0.0
1650,7_0,0.0,0.0
1650,-1_1,0.0,0.0
1650,0_2,0.0,0.0
1650,6_2,0.0,0.0
1650,8_1,0.0,0.0
1650,-1_2,176.0,2624.722222222222
1650,-2_2,0.0,0.0
1650,-7_1,0.0,0.0
1650,-7_0,0.0,0.0
1650,-9_0,0.0,0.0
1650,0_1,0.0,0.0
1650,9_2,0.0,0.0
1650,-3_1,0.0,0.0
1650,5_1,0.0,0.0
1650,1_0,0.0,0.0
1650,-6_2,0.0,0.0
1650,4_2,0.0,0.0
1650,-3_2,10.0,2624.722222222222
1650,-4_2,0.0,0.0
1650,-2_0,0.0,0.0
1680,2_2,0.0,0.0
1680,-4_0,0.0,0.0
1680,5_2,0.0,0.0
1680,7_2,0.0,0.0
1680,4_0,0.0,0.0
1680,-1_0,0.0,0.0
1680,3_0,0.0,0.0
1680,-5_1,0.0,0.0
1680,-9_2,0.0,0.0
1680,1_2,0.0,0.0
1680,-7_2,0.0,0.0
1680,-8_1,0.0,0.0
1680,-2_1,0.0,0.0
1680,6_1,0.0,0.0
1680,8_2,0.0,0.0
1680,0_0,0.0,0.0
1680,4_1,0.0,0.0
1680,6_0,0.0,0.0
1680,9_1,0.0,0.0
1680,-3_0,0.0,0.0
1680,-0_0,0.0,0.0
1680,2_1,0.0,0.0
1680,-6_0,0.0,0.0
1680,1_1,0.0,0.0
1680,-5_0,0.0,0.0
1680,7_1,0.0,0.0
1680,2_0,0.0,0.0
1680,5_0,0.0,0.0
1680,-6_1,0.0,0.0
1680,-8_0,0.0,0.0
1680,-0_2,0.0,0.0
1680,3_1,0.0,0.0
1680,-5_2,0.0,0.0
1680,-4_1,0.0,0.0
1680,-9_1,0.0,0.0
1680,9_0,0.0,0.0
1680,-0_1,0.0,0.0
1680,3_2,0.0,0.0
1680,8_0,0.0,0.0
1680,-8_2,0.0,0.0
1680,7_0,0.0,0.0
1680,-1_1,0.0,0.0
1680,0_2,0.0,0.0
1680,6_2,0.0,0.0
1680,8_1,0.0,0.0
1680,-1_2,206.0,2624.722222222222
1680,-2_2,0.0,0.0
1680,-7_1,0.0,0.0
1680,-7_0,0.0,0.0
1680,-9_0,0.0,0.0
1680,0_1,0.0,0.0
1680,9_2,0.0,0.0
1680,-3_1,0.0,0.0
1680,5_1,0.0,0.0
1680,1_0,0.0,0.0
1680,-6_2,0.0,0.0
1680,4_2,0.0,0.0
1680,-3_2,0.0,0.0
1680,-4_2,0.0,0.0
1680,-2_0,0.0,0.0
